Workbook
Name 祷告: _xlfn.ANCHORARRAY(AtkParam!$Y$2)
Name 副手类buff: Buff!$N$2:$N$35
Name 减防debuff: Buff!$J$2:$J$35
Name 立誓类buff: Buff!$L$2:$L$35
Name 魔法: _xlfn.ANCHORARRAY(AtkParam!$X$2)
Name 身体类buff: Buff!$M$2:$M$35
Name 通用buff: Buff!$I$2:$I$35
Name 装备buff: Buff!$K$2:$K$35

Sheet 法术计算器
A1: 艾尔登法环 法术伤害计算器 v1.16 by: 虚空蛋黄酱
A2: 选择人物属性、buff、触媒、敌人、周目数即可直接计算出造成的伤害、削韧、异常值等数据。
A3: 人物属性 | H3: dlc专属 | K3: 敌人属性
A4: 力 | B4: 敏 | C4: 智 | D4: 信 | E4: 感 | F4: 普通石强化 | G4: 失色石强化 | H4: 幽影树庇佑 | I4: 人物加伤 | J4: 人物减伤 | K4: 是否为dlc
A5: 99 | B5: 99 | C5: 99 | D5: 99 | E5: 99 | F5: 25 | G5: 10 | H5: 20 | I5: =HLOOKUP(H5,Curve!B19:V20,2, )-1 -> 1.05 | J5: =1-HLOOKUP(H5,Curve!B19:V21,3, ) -> 0.5121951 | K5: =_xlfn.XLOOKUP(A8,敌人数据!A:A,敌人数据!S:S) -> 否
A6: 敌人属性 | D6: 普通 | E6: 打击 | F6: 斩击 | G6: 突刺 | H6: 魔 | I6: 火 | J6: 雷 | K6: 圣
A7: 敌人 | B7: 周目数 | C7: 防御 | D7: {=IF(LEN(D6:K6),INDEX(敌人数据!C1:J51,MATCH(A8,敌人数据!A1:A51,),MATCH(B8,敌人数据!C1:J1,)))} -> 84 | E7: 84 | F7: 84 | G7: 84 | H7: 84 | I7: 84 | J7: 84 | K7: 84
A8: “结缘牧师”米利耶（壳） | B8: 1 | C8: 伤害倍率 | D8: {=INDEX(敌人数据!K1:R51,MATCH(A8,敌人数据!A1:A51,),)%} -> 0.78 | E8: 1.2 | F8: 0.78 | G8: 1.2 | H8: 1.68 | I8: 2.4 | J8: 1.68 | K8: 1.68
B9: 立誓类buff | C9: 身体类buff | D9: 副手类buff | E9: 装备buff | F9: 减防debuff | G9: 通用buff | H9: 通用buff | I9: 通用buff | J9: 通用buff | K9: 通用buff
A10: buff
A11: 加成1 | B11: {=IF(B10:K10="",1,_xlfn.XLOOKUP(B10:K10,Buff!A:A,Buff!B:B)+1)} -> 1 | C11: 1 | D11: 1 | E11: 1 | F11: 1 | G11: 1 | H11: 1 | I11: 1 | J11: 1 | K11: 1
A12: 限定1 | B12: {=IF(B10:K10="","",_xlfn.XLOOKUP(B10:K10,Buff!A:A,Buff!C:C))}
A13: 加成2 | B13: {=IF(B10:K10="",1,_xlfn.XLOOKUP(B10:K10,Buff!A:A,Buff!D:D)+1)} -> 1 | C13: 1 | D13: 1 | E13: 1 | F13: 1 | G13: 1 | H13: 1 | I13: 1 | J13: 1 | K13: 1
A14: 限定2 | B14: {=IF(B10:K10="","",_xlfn.XLOOKUP(B10:K10,Buff!A:A,Buff!E:E))}
A16: 类型 | B16: 法术 | C16: 触媒 | D16: 总伤害 | E16: 伤害类型 | F16: 基础值 | G16: 特殊类型 | H16: 一周目削韧 | I16: ="当前周目"&CHAR(10)&TEXT(B8,"[DBNum1]")&"周目削韧" -> 当前周目 一周目削韧 | J16: 冲击力 | K16: 异常值 | L16: 法术列表 | M16: 触媒列表 | N16: 失色石 | O16: 强化等级 | P16: 强化曲线 | Q16: 物基础 | R16: 魔基础 | S16: 火基础 | T16: 雷基础 | U16: 圣基础 | V16: 力补正 | W16: 敏补正 | X16: 智补正 | Y16: 信补正 | Z16: 感补正 | AA16: 物成长 | AB16: 魔成长 | AC16: 火成长 | AD16: 雷成长 | AE16: 圣成长 | AF16: 力补正成长 | AG16: 敏补正成长 | AH16: 智补正成长 | AI16: 信补正成长 | AJ16: 感补正成长 | AK16: 补正修正 | AL16: 力补物 | AM16: 敏补物 | AN16: 智补物 | AO16: 信补物 | AP16: 感补物 | AQ16: 力补魔 | AR16: 敏补魔 | AS16: 智补魔 | AT16: 信补魔 | AU16: 感补魔 | AV16: 力补火 | AW16: 敏补火 | AX16: 智补火 | AY16: 信补火 | AZ16: 感补火 | BA16: 力补雷 | BB16: 敏补雷 | BC16: 智补雷 | BD16: 信补雷 | BE16: 感补雷 | BF16: 力补圣 | BG16: 敏补圣 | BH16: 智补圣 | BI16: 信补圣 | BJ16: 感补圣 | BK16: 物攻击力 | BL16: 魔攻击力 | BM16: 火攻击力 | BN16: 雷攻击力 | BO16: 圣攻击力 | BP16: 物理属性 | BQ16: 特殊类型1 | BR16: 特殊类型2 | BS16: 特殊类型3 | BT16: 触媒加成 | BU16: 触媒属性 | BV16: 通用buff | BW16: 物buff | BX16: 魔buff | BY16: 火buff | BZ16: 雷buff | CA16: 圣buff | CB16: 物伤害 | CC16: 魔伤害 | CD16: 火伤害 | CE16: 雷伤害 | CF16: 圣伤害 | CG16: 异常 | CH16: 异常属性 | CI16: 异常补正 | CJ16: 异常是否补正 | CK16: 血焰 | CL16: 基础耗精 | CM16: 耗精倍率
A17: 魔法 | B17: 帚星 | C17: 母亲杖 | D17: {=_xlfn.BYROW(_xlfn.ANCHORARRAY(CB17):_xlfn.ANCHORARRAY(CF17),_xlfn.LAMBDA(_xlpm.x,INT(SUM(_xlpm.x))))} -> 1898 | E17: {=_xlfn.BYROW(IF(_xlfn.ANCHORARRAY(CB17):_xlfn.ANCHORARRAY(CF17),IF({1,0,0,0,0},_xlfn.ANCHORARRAY(BP17),LEFT(CB16:CF16)),""),_xlfn.LAMBDA(_xlpm.x,_xlfn.TEXTJOIN("+",,_xlpm.x)))} -> 魔 | F17: {=_xlfn.BYROW(_xlfn.ANCHORARRAY(Q17):_xlfn.ANCHORARRAY(U17),_xlfn.LAMBDA(_xlpm.x,_xlfn.TEXTJOIN("+",,IF(_xlpm.x,_xlpm.x,""))))} -> 292 | G17: {=_xlfn.BYROW(_xlfn.ANCHORARRAY(BQ17):_xlfn.ANCHORARRAY(BS17),_xlfn.LAMBDA(_xlpm.x,_xlfn.TEXTJOIN(",",,IF(_xlpm.x="无","",_xlpm.x))))} -> 亚兹勒1 | H17: {=ROUND(_xlfn.XLOOKUP(_xlfn.ANCHORARRAY(L17),AtkParam!B:B,AtkParam!R:R),2)} -> 7 | I17: {=_xlfn.ANCHORARRAY(H17)*INDEX({1,1,0.95,0.9,0.85,0.8,0.7,0.6},B8)} -> 7 | J17: {=_xlfn.XLOOKUP(_xlfn.XLOOKUP(_xlfn.ANCHORARRAY(L17),AtkParam!B:B,AtkParam!S:S),List!A2:A13,List!B2:B13)} -> 1（小硬直） | K17: {=_xlfn.LET(_xlpm.p,_xlfn.ANCHORARRAY(CG17)*(1+_xlfn.ANCHORARRAY(CJ17)*_xlfn.ANCHORARRAY(Z17)%*INDEX(Curve!B2:EU18,_xlfn.ANCHORARRAY(CI17)+1,E5)%*_xlfn.ANCHORARRAY(AJ17)),_xlfn.IFS(_xlfn.ANCHORARRAY(CK17),_xlfn.ANCHORARRAY(CK17)&"出血值",_xlpm.p,INT(_xlpm.p)&_xlfn.ANCHORARRAY(CH17),1,"无"))} -> 无 | L17: {=_xlfn.TOCOL(B17:B99,3)} -> 帚星 | M17: {=_xlfn.TOCOL(C17:C99,3)} -> 母亲杖 | N17: {=IF(_xlfn.XLOOKUP(_xlfn.ANCHORARRAY(M17),Weapon!B:B,Weapon!G:G),"失色石","普通石")} -> 普通石 | O17: {=_xlfn.IFS(_xlfn.ANCHORARRAY(M17)="陨石杖",,_xlfn.ANCHORARRAY(N17)="失色石",G5,1,F5)} -> 25 | P17: {=_xlfn.XLOOKUP(_xlfn.ANCHORARRAY(M17),Weapon!B:B,Weapon!H:H)+_xlfn.ANCHORARRAY(O17)} -> 1925 | Q17: {=_xlfn.XLOOKUP(_xlfn.TOCOL($B$17:$B$99,3),AtkParam!$B:$B,AtkParam!G:G)} -> 0 | R17: {=_xlfn.XLOOKUP(_xlfn.TOCOL($B$17:$B$99,3),AtkParam!$B:$B,AtkParam!H:H)} -> 292 | S17: {=_xlfn.XLOOKUP(_xlfn.TOCOL($B$17:$B$99,3),AtkParam!$B:$B,AtkParam!I:I)} -> 0 | T17: {=_xlfn.XLOOKUP(_xlfn.TOCOL($B$17:$B$99,3),AtkParam!$B:$B,AtkParam!J:J)} -> 0 | U17: {=_xlfn.XLOOKUP(_xlfn.TOCOL($B$17:$B$99,3),AtkParam!$B:$B,AtkParam!K:K)} -> 0 | V17: {=_xlfn.XLOOKUP(_xlfn.TOCOL($C$17:$C$99,3),Weapon!$B:$B,Weapon!I:I)} -> 12 | W17: {=_xlfn.XLOOKUP(_xlfn.TOCOL($C$17:$C$99,3),Weapon!$B:$B,Weapon!J:J)} -> 0 | X17: {=_xlfn.XLOOKUP(_xlfn.TOCOL($C$17:$C$99,3),Weapon!$B:$B,Weapon!K:K)} -> 55 | Y17: {=_xlfn.XLOOKUP(_xlfn.TOCOL($C$17:$C$99,3),Weapon!$B:$B,Weapon!L:L)} -> 0 | Z17: {=_xlfn.XLOOKUP(_xlfn.TOCOL($C$17:$C$99,3),Weapon!$B:$B,Weapon!M:M)} -> 55 | AA17: {=_xlfn.XLOOKUP(_xlfn.ANCHORARRAY($M$17),Weapon!$B:$B,Weapon!N:N)} -> 15 | AB17: {=_xlfn.XLOOKUP(_xlfn.ANCHORARRAY($M$17),Weapon!$B:$B,Weapon!O:O)} -> 15 | AC17: {=_xlfn.XLOOKUP(_xlfn.ANCHORARRAY($M$17),Weapon!$B:$B,Weapon!P:P)} -> 15 | AD17: {=_xlfn.XLOOKUP(_xlfn.ANCHORARRAY($M$17),Weapon!$B:$B,Weapon!Q:Q)} -> 15 | AE17: {=_xlfn.XLOOKUP(_xlfn.ANCHORARRAY($M$17),Weapon!$B:$B,Weapon!R:R)} -> 15 | AF17: {=_xlfn.XLOOKUP(_xlfn.ANCHORARRAY($P$17),WeaponUP!$A:$A,WeaponUP!B:B)} -> 3 | AG17: {=_xlfn.XLOOKUP(_xlfn.ANCHORARRAY($P$17),WeaponUP!$A:$A,WeaponUP!C:C)} -> 3 | AH17: {=_xlfn.XLOOKUP(_xlfn.ANCHORARRAY($P$17),WeaponUP!$A:$A,WeaponUP!D:D)} -> 3 | AI17: {=_xlfn.XLOOKUP(_xlfn.ANCHORARRAY($P$17),WeaponUP!$A:$A,WeaponUP!E:E)} -> 3 | AJ17: {=_xlfn.XLOOKUP(_xlfn.ANCHORARRAY($P$17),WeaponUP!$A:$A,WeaponUP!F:F)} -> 3 | AK17: {=_xlfn.XLOOKUP(_xlfn.TOCOL($C$17:$C$99,3),Weapon!$B:$B,Weapon!T:T)} -> 20030 | AL17: {=_xlfn.XLOOKUP(_xlfn.ANCHORARRAY($AK$17),AtkCorrect!$A:$A,AtkCorrect!B:B)*INDEX(Curve!$B$2:$EU$18,_xlfn.ANCHORARRAY($AA$17)+1,A5)%*_xlfn.ANCHORARRAY(V17)%*_xlfn.ANCHORARRAY(AF17)} -> 0 | AM17: {=_xlfn.XLOOKUP(_xlfn.ANCHORARRAY($AK$17),AtkCorrect!$A:$A,AtkCorrect!C:C)*INDEX(Curve!$B$2:$EU$18,_xlfn.ANCHORARRAY($AA$17)+1,B5)%*_xlfn.ANCHORARRAY(W17)%*_xlfn.ANCHORARRAY(AG17)} -> 0 | AN17: {=_xlfn.XLOOKUP(_xlfn.ANCHORARRAY($AK$17),AtkCorrect!$A:$A,AtkCorrect!D:D)*INDEX(Curve!$B$2:$EU$18,_xlfn.ANCHORARRAY($AA$17)+1,C5)%*_xlfn.ANCHORARRAY(X17)%*_xlfn.ANCHORARRAY(AH17)} -> 1.65 | AO17: {=_xlfn.XLOOKUP(_xlfn.ANCHORARRAY($AK$17),AtkCorrect!$A:$A,AtkCorrect!E:E)*INDEX(Curve!$B$2:$EU$18,_xlfn.ANCHORARRAY($AA$17)+1,D5)%*_xlfn.ANCHORARRAY(Y17)%*_xlfn.ANCHORARRAY(AI17)} -> 0 | AP17: {=_xlfn.XLOOKUP(_xlfn.ANCHORARRAY($AK$17),AtkCorrect!$A:$A,AtkCorrect!F:F)*INDEX(Curve!$B$2:$EU$18,_xlfn.ANCHORARRAY($AA$17)+1,E5)%*_xlfn.ANCHORARRAY(Z17)%*_xlfn.ANCHORARRAY(AJ17)} -> 1.65 | AQ17: {=_xlfn.XLOOKUP(_xlfn.ANCHORARRAY($AK$17),AtkCorrect!$A:$A,AtkCorrect!G:G)*INDEX(Curve!$B$2:$EU$18,_xlfn.ANCHORARRAY($AB$17)+1,A5)%*_xlfn.ANCHORARRAY(V17)%*_xlfn.ANCHORARRAY(AF17)} -> 0 | AR17: {=_xlfn.XLOOKUP(_xlfn.ANCHORARRAY($AK$17),AtkCorrect!$A:$A,AtkCorrect!H:H)*INDEX(Curve!$B$2:$EU$18,_xlfn.ANCHORARRAY($AB$17)+1,B5)%*_xlfn.ANCHORARRAY(W17)%*_xlfn.ANCHORARRAY(AG17)} -> 0 | AS17: {=_xlfn.XLOOKUP(_xlfn.ANCHORARRAY($AK$17),AtkCorrect!$A:$A,AtkCorrect!I:I)*INDEX(Curve!$B$2:$EU$18,_xlfn.ANCHORARRAY($AB$17)+1,C5)%*_xlfn.ANCHORARRAY(X17)%*_xlfn.ANCHORARRAY(AH17)} -> 1.65 | AT17: {=_xlfn.XLOOKUP(_xlfn.ANCHORARRAY($AK$17),AtkCorrect!$A:$A,AtkCorrect!J:J)*INDEX(Curve!$B$2:$EU$18,_xlfn.ANCHORARRAY($AB$17)+1,D5)%*_xlfn.ANCHORARRAY(Y17)%*_xlfn.ANCHORARRAY(AI17)} -> 0 | AU17: {=_xlfn.XLOOKUP(_xlfn.ANCHORARRAY($AK$17),AtkCorrect!$A:$A,AtkCorrect!K:K)*INDEX(Curve!$B$2:$EU$18,_xlfn.ANCHORARRAY($AB$17)+1,E5)%*_xlfn.ANCHORARRAY(Z17)%*_xlfn.ANCHORARRAY(AJ17)} -> 1.65 | AV17: {=_xlfn.XLOOKUP(_xlfn.ANCHORARRAY($AK$17),AtkCorrect!$A:$A,AtkCorrect!L:L)*INDEX(Curve!$B$2:$EU$18,_xlfn.ANCHORARRAY($AC$17)+1,A5)%*_xlfn.ANCHORARRAY(V17)%*_xlfn.ANCHORARRAY(AF17)} -> 0 | AW17: {=_xlfn.XLOOKUP(_xlfn.ANCHORARRAY($AK$17),AtkCorrect!$A:$A,AtkCorrect!M:M)*INDEX(Curve!$B$2:$EU$18,_xlfn.ANCHORARRAY($AC$17)+1,B5)%*_xlfn.ANCHORARRAY(W17)%*_xlfn.ANCHORARRAY(AG17)} -> 0 | AX17: {=_xlfn.XLOOKUP(_xlfn.ANCHORARRAY($AK$17),AtkCorrect!$A:$A,AtkCorrect!N:N)*INDEX(Curve!$B$2:$EU$18,_xlfn.ANCHORARRAY($AC$17)+1,C5)%*_xlfn.ANCHORARRAY(X17)%*_xlfn.ANCHORARRAY(AH17)} -> 1.65 | AY17: {=_xlfn.XLOOKUP(_xlfn.ANCHORARRAY($AK$17),AtkCorrect!$A:$A,AtkCorrect!O:O)*INDEX(Curve!$B$2:$EU$18,_xlfn.ANCHORARRAY($AC$17)+1,D5)%*_xlfn.ANCHORARRAY(Y17)%*_xlfn.ANCHORARRAY(AI17)} -> 0 | AZ17: {=_xlfn.XLOOKUP(_xlfn.ANCHORARRAY($AK$17),AtkCorrect!$A:$A,AtkCorrect!P:P)*INDEX(Curve!$B$2:$EU$18,_xlfn.ANCHORARRAY($AC$17)+1,E5)%*_xlfn.ANCHORARRAY(Z17)%*_xlfn.ANCHORARRAY(AJ17)} -> 1.65 | BA17: {=_xlfn.XLOOKUP(_xlfn.ANCHORARRAY($AK$17),AtkCorrect!$A:$A,AtkCorrect!Q:Q)*INDEX(Curve!$B$2:$EU$18,_xlfn.ANCHORARRAY($AD$17)+1,A5)%*_xlfn.ANCHORARRAY(V17)%*_xlfn.ANCHORARRAY(AF17)} -> 0 | BB17: {=_xlfn.XLOOKUP(_xlfn.ANCHORARRAY($AK$17),AtkCorrect!$A:$A,AtkCorrect!R:R)*INDEX(Curve!$B$2:$EU$18,_xlfn.ANCHORARRAY($AD$17)+1,B5)%*_xlfn.ANCHORARRAY(W17)%*_xlfn.ANCHORARRAY(AG17)} -> 0 | BC17: {=_xlfn.XLOOKUP(_xlfn.ANCHORARRAY($AK$17),AtkCorrect!$A:$A,AtkCorrect!S:S)*INDEX(Curve!$B$2:$EU$18,_xlfn.ANCHORARRAY($AD$17)+1,C5)%*_xlfn.ANCHORARRAY(X17)%*_xlfn.ANCHORARRAY(AH17)} -> 1.65 | BD17: {=_xlfn.XLOOKUP(_xlfn.ANCHORARRAY($AK$17),AtkCorrect!$A:$A,AtkCorrect!T:T)*INDEX(Curve!$B$2:$EU$18,_xlfn.ANCHORARRAY($AD$17)+1,D5)%*_xlfn.ANCHORARRAY(Y17)%*_xlfn.ANCHORARRAY(AI17)} -> 0 | BE17: {=_xlfn.XLOOKUP(_xlfn.ANCHORARRAY($AK$17),AtkCorrect!$A:$A,AtkCorrect!U:U)*INDEX(Curve!$B$2:$EU$18,_xlfn.ANCHORARRAY($AD$17)+1,E5)%*_xlfn.ANCHORARRAY(Z17)%*_xlfn.ANCHORARRAY(AJ17)} -> 1.65 | BF17: {=_xlfn.XLOOKUP(_xlfn.ANCHORARRAY($AK$17),AtkCorrect!$A:$A,AtkCorrect!V:V)*INDEX(Curve!$B$2:$EU$18,_xlfn.ANCHORARRAY($AE$17)+1,A5)%*_xlfn.ANCHORARRAY(V17)%*_xlfn.ANCHORARRAY(AF17)} -> 0 | BG17: {=_xlfn.XLOOKUP(_xlfn.ANCHORARRAY($AK$17),AtkCorrect!$A:$A,AtkCorrect!W:W)*INDEX(Curve!$B$2:$EU$18,_xlfn.ANCHORARRAY($AE$17)+1,B5)%*_xlfn.ANCHORARRAY(W17)%*_xlfn.ANCHORARRAY(AG17)} -> 0 | BH17: {=_xlfn.XLOOKUP(_xlfn.ANCHORARRAY($AK$17),AtkCorrect!$A:$A,AtkCorrect!X:X)*INDEX(Curve!$B$2:$EU$18,_xlfn.ANCHORARRAY($AE$17)+1,C5)%*_xlfn.ANCHORARRAY(X17)%*_xlfn.ANCHORARRAY(AH17)} -> 1.65 | BI17: {=_xlfn.XLOOKUP(_xlfn.ANCHORARRAY($AK$17),AtkCorrect!$A:$A,AtkCorrect!Y:Y)*INDEX(Curve!$B$2:$EU$18,_xlfn.ANCHORARRAY($AE$17)+1,D5)%*_xlfn.ANCHORARRAY(Y17)%*_xlfn.ANCHORARRAY(AI17)} -> 0 | BJ17: {=_xlfn.XLOOKUP(_xlfn.ANCHORARRAY($AK$17),AtkCorrect!$A:$A,AtkCorrect!Z:Z)*INDEX(Curve!$B$2:$EU$18,_xlfn.ANCHORARRAY($AE$17)+1,E5)%*_xlfn.ANCHORARRAY(Z17)%*_xlfn.ANCHORARRAY(AJ17)} -> 1.65 | BK17: {=_xlfn.ANCHORARRAY(Q17)*(1+_xlfn.BYROW(_xlfn.ANCHORARRAY(AL17):_xlfn.ANCHORARRAY(AP17),_xleta.SUM))} -> 0 | BL17: {=_xlfn.ANCHORARRAY(R17)*(1+_xlfn.BYROW(_xlfn.ANCHORARRAY(AQ17):_xlfn.ANCHORARRAY(AU17),_xleta.SUM))} -> 1255.6 | BM17: {=_xlfn.ANCHORARRAY(S17)*(1+_xlfn.BYROW(_xlfn.ANCHORARRAY(AV17):_xlfn.ANCHORARRAY(AZ17),_xleta.SUM))} -> 0 | BN17: {=_xlfn.ANCHORARRAY(T17)*(1+_xlfn.BYROW(_xlfn.ANCHORARRAY(BA17):_xlfn.ANCHORARRAY(BE17),_xleta.SUM))} -> 0 | BO17: {=_xlfn.ANCHORARRAY(U17)*(1+_xlfn.BYROW(_xlfn.ANCHORARRAY(BF17):_xlfn.ANCHORARRAY(BJ17),_xleta.SUM))} -> 0 | BP17: {=_xlfn.XLOOKUP(_xlfn.TOCOL($B$17:$B$99,3),AtkParam!$B:$B,AtkParam!L:L)} -> 无 | BQ17: {=_xlfn.XLOOKUP(_xlfn.TOCOL($B$17:$B$99,3),AtkParam!$B:$B,AtkParam!M:M)} -> 亚兹勒1 | BR17: {=_xlfn.XLOOKUP(_xlfn.TOCOL($B$17:$B$99,3),AtkParam!$B:$B,AtkParam!N:N)} -> 无 | BS17: {=_xlfn.XLOOKUP(_xlfn.TOCOL($B$17:$B$99,3),AtkParam!$B:$B,AtkParam!O:O)} -> 无 | BT17: {=IF((_xlfn.ANCHORARRAY(BU17)=_xlfn.ANCHORARRAY(BQ17))+(_xlfn.ANCHORARRAY(BU17)=_xlfn.ANCHORARRAY(BR17))+(_xlfn.ANCHORARRAY(BU17)=_xlfn.ANCHORARRAY(BS17)),_xlfn.XLOOKUP(_xlfn.ANCHORARRAY(M17),Weapon!$B:$B,Weapon!V:V),1)} -> 1 | BU17: {=_xlfn.XLOOKUP(_xlfn.TOCOL($C$17:$C$99,3),Weapon!$B:$B,Weapon!W:W)} -> 指头 | BV17: {=_xlfn.BYROW(IF(_xlfn.ANCHORARRAY(B12)="全",_xlfn.ANCHORARRAY(B11),1)*IF(_xlfn.ANCHORARRAY(BQ17)=_xlfn.ANCHORARRAY(B12),_xlfn.ANCHORARRAY(B11),1)*IF(_xlfn.ANCHORARRAY(BQ17)=_xlfn.ANCHORARRAY(B14),_xlfn.ANCHORARRAY(B13),1)*IF(_xlfn.ANCHORARRAY(BR17)=_xlfn.ANCHORARRAY(B12),_xlfn.ANCHORARRAY(B11),1)*IF(_xlfn.ANCHORARRAY(BS17)=_xlfn.ANCHORARRAY(B12),_xlfn.ANCHORARRAY(B11),1),_xlfn.LAMBDA(_xlpm.x,PRODUCT(_xlpm.x)))*IF(K5="是",I5+1,1)*IF(_xlfn.BYROW(N(_xlfn.ANCHORARRAY(BQ17):_xlfn.ANCHORARRAY(BS17)=_xlfn.ANCHORARRAY(BU17)),_xleta.SUM),_xlfn.ANCHORARRAY(BT17),1)} -> 1 | BW17: {=IF(_xlfn.ANCHORARRAY($BV$17),PRODUCT(IF(_xlfn.ANCHORARRAY($B$12)="物",_xlfn.ANCHORARRAY($B$11),1)*IF(_xlfn.ANCHORARRAY($B$14)="物",_xlfn.ANCHORARRAY($B$13),1)))} -> 1 | BX17: {=IF(_xlfn.ANCHORARRAY($BV$17),PRODUCT(IF(_xlfn.ANCHORARRAY($B$12)="魔",_xlfn.ANCHORARRAY($B$11),1)*IF(_xlfn.ANCHORARRAY($B$14)="魔",_xlfn.ANCHORARRAY($B$13),1)))} -> 1 | BY17: {=IF(_xlfn.ANCHORARRAY($BV$17),PRODUCT(IF(_xlfn.ANCHORARRAY($B$12)="火",_xlfn.ANCHORARRAY($B$11),1)*IF(_xlfn.ANCHORARRAY($B$14)="火",_xlfn.ANCHORARRAY($B$13),1)))} -> 1 | BZ17: {=IF(_xlfn.ANCHORARRAY($BV$17),PRODUCT(IF(_xlfn.ANCHORARRAY($B$12)="雷",_xlfn.ANCHORARRAY($B$11),1)*IF(_xlfn.ANCHORARRAY($B$14)="雷",_xlfn.ANCHORARRAY($B$13),1)))} -> 1 | CA17: {=IF(_xlfn.ANCHORARRAY($BV$17),PRODUCT(IF(_xlfn.ANCHORARRAY($B$12)="圣",_xlfn.ANCHORARRAY($B$11),1)*IF(_xlfn.ANCHORARRAY($B$14)="圣",_xlfn.ANCHORARRAY($B$13),1)))} -> 1 | CB17: {=_xlfn.LET(_xlpm.r,_xlfn.XLOOKUP(_xlfn.ANCHORARRAY(BP17),D6:G6,D8:G8,0),_xlpm.p,_xlfn.ANCHORARRAY(BK17)/G7,_xlpm.q,MATCH(_xlpm.p,List!$C$2:$C$6),_xlpm.a,INDEX(List!$D$2:$D$6,_xlpm.q),_xlpm.b,INDEX(List!$E$2:$E$6,_xlpm.q),_xlpm.c,INDEX(List!$F$2:$F$6,_xlpm.q),(_xlpm.a*(_xlpm.p-_xlpm.b)^2+_xlpm.c)*_xlfn.ANCHORARRAY(BK17)*_xlfn.ANCHORARRAY($BV$17)*_xlfn.ANCHORARRAY(BW17)*_xlpm.r)} -> 0 | CC17: {=_xlfn.LET(_xlpm.r,H8,_xlpm.p,_xlfn.ANCHORARRAY(BL17)/H7,_xlpm.q,MATCH(_xlpm.p,List!$C$2:$C$6),_xlpm.a,INDEX(List!$D$2:$D$6,_xlpm.q),_xlpm.b,INDEX(List!$E$2:$E$6,_xlpm.q),_xlpm.c,INDEX(List!$F$2:$F$6,_xlpm.q),(_xlpm.a*(_xlpm.p-_xlpm.b)^2+_xlpm.c)*_xlfn.ANCHORARRAY(BL17)*_xlfn.ANCHORARRAY($BV$17)*_xlfn.ANCHORARRAY(BX17)*_xlpm.r)} -> 1898.4672 | CD17: {=_xlfn.LET(_xlpm.r,I8,_xlpm.p,_xlfn.ANCHORARRAY(BM17)/I7,_xlpm.q,MATCH(_xlpm.p,List!$C$2:$C$6),_xlpm.a,INDEX(List!$D$2:$D$6,_xlpm.q),_xlpm.b,INDEX(List!$E$2:$E$6,_xlpm.q),_xlpm.c,INDEX(List!$F$2:$F$6,_xlpm.q),(_xlpm.a*(_xlpm.p-_xlpm.b)^2+_xlpm.c)*_xlfn.ANCHORARRAY(BM17)*_xlfn.ANCHORARRAY($BV$17)*_xlfn.ANCHORARRAY(BY17)*_xlpm.r)} -> 0 | CE17: {=_xlfn.LET(_xlpm.r,J8,_xlpm.p,_xlfn.ANCHORARRAY(BN17)/J7,_xlpm.q,MATCH(_xlpm.p,List!$C$2:$C$6),_xlpm.a,INDEX(List!$D$2:$D$6,_xlpm.q),_xlpm.b,INDEX(List!$E$2:$E$6,_xlpm.q),_xlpm.c,INDEX(List!$F$2:$F$6,_xlpm.q),(_xlpm.a*(_xlpm.p-_xlpm.b)^2+_xlpm.c)*_xlfn.ANCHORARRAY(BN17)*_xlfn.ANCHORARRAY($BV$17)*_xlfn.ANCHORARRAY(BZ17)*_xlpm.r)} -> 0 | CF17: {=_xlfn.LET(_xlpm.r,K8,_xlpm.p,_xlfn.ANCHORARRAY(BO17)/K7,_xlpm.q,MATCH(_xlpm.p,List!$C$2:$C$6),_xlpm.a,INDEX(List!$D$2:$D$6,_xlpm.q),_xlpm.b,INDEX(List!$E$2:$E$6,_xlpm.q),_xlpm.c,INDEX(List!$F$2:$F$6,_xlpm.q),(_xlpm.a*(_xlpm.p-_xlpm.b)^2+_xlpm.c)*_xlfn.ANCHORARRAY(BO17)*_xlfn.ANCHORARRAY($BV$17)*_xlfn.ANCHORARRAY(CA17)*_xlpm.r)} -> 0 | CG17: {=_xlfn.XLOOKUP(_xlfn.TOCOL($B$17:$B$99,3),AtkParam!$B:$B,AtkParam!T:T)} -> 0 | CH17: {=_xlfn.XLOOKUP(_xlfn.TOCOL($B$17:$B$99,3),AtkParam!$B:$B,AtkParam!U:U)&""} | CI17: {=_xlfn.XLOOKUP(_xlfn.ANCHORARRAY(M17),Weapon!B:B,Weapon!S:S)} -> 6 | CJ17: {=_xlfn.XLOOKUP(_xlfn.ANCHORARRAY(L17),AtkParam!B:B,AtkParam!V:V)} -> 0 | CK17: {=_xlfn.XLOOKUP(_xlfn.ANCHORARRAY(L17),AtkParam!B:B,AtkParam!W:W)} -> 0 | CL17: {=_xlfn.XLOOKUP(_xlfn.ANCHORARRAY(L17),AtkParam!B:B,AtkParam!Q:Q)} -> 24 | CM17: {=_xlfn.XLOOKUP(_xlfn.ANCHORARRAY(M17),Weapon!B:B,Weapon!U:U)} -> 1.03
A18: 魔法 | B18: 拉卡德的怨魂 | C18: 母亲杖 | D18: 1392 | E18: 火 | F18: 150 | G18: 格密尔 | H18: 5 | I18: 5 | J18: 2（中硬直） | K18: 无 | L18: 拉卡德的怨魂 | M18: 母亲杖 | N18: 普通石 | O18: 25 | P18: 1925 | Q18: 0 | R18: 0 | S18: 150 | T18: 0 | U18: 0 | V18: 12 | W18: 0 | X18: 55 | Y18: 0 | Z18: 55 | AA18: 15 | AB18: 15 | AC18: 15 | AD18: 15 | AE18: 15 | AF18: 3 | AG18: 3 | AH18: 3 | AI18: 3 | AJ18: 3 | AK18: 20030 | AL18: 0 | AM18: 0 | AN18: 1.65 | AO18: 0 | AP18: 1.65 | AQ18: 0 | AR18: 0 | AS18: 1.65 | AT18: 0 | AU18: 1.65 | AV18: 0 | AW18: 0 | AX18: 1.65 | AY18: 0 | AZ18: 1.65 | BA18: 0 | BB18: 0 | BC18: 1.65 | BD18: 0 | BE18: 1.65 | BF18: 0 | BG18: 0 | BH18: 1.65 | BI18: 0 | BJ18: 1.65 | BK18: 0 | BL18: 0 | BM18: 645 | BN18: 0 | BO18: 0 | BP18: 无 | BQ18: 格密尔 | BR18: 无 | BS18: 无 | BT18: 1 | BU18: 指头 | BV18: 1 | BW18: 1 | BX18: 1 | BY18: 1 | BZ18: 1 | CA18: 1 | CB18: 0 | CC18: 0 | CD18: 1392.1426 | CE18: 0 | CF18: 0 | CG18: 0 | CI18: 6 | CJ18: 0 | CK18: 0 | CL18: 23 | CM18: 1.03
A19: 魔法 | B19: 艾丝缇陨石 | C19: 母亲杖 | D19: 1206 | E19: 普通+魔 | F19: 185+105 | G19: 重力 | H19: 10.18 | I19: 10.18 | J19: 7（击退） | K19: 无 | L19: 艾丝缇陨石 | M19: 母亲杖 | N19: 普通石 | O19: 25 | P19: 1925 | Q19: 185 | R19: 105 | S19: 0 | T19: 0 | U19: 0 | V19: 12 | W19: 0 | X19: 55 | Y19: 0 | Z19: 55 | AA19: 15 | AB19: 15 | AC19: 15 | AD19: 15 | AE19: 15 | AF19: 3 | AG19: 3 | AH19: 3 | AI19: 3 | AJ19: 3 | AK19: 20030 | AL19: 0 | AM19: 0 | AN19: 1.65 | AO19: 0 | AP19: 1.65 | AQ19: 0 | AR19: 0 | AS19: 1.65 | AT19: 0 | AU19: 1.65 | AV19: 0 | AW19: 0 | AX19: 1.65 | AY19: 0 | AZ19: 1.65 | BA19: 0 | BB19: 0 | BC19: 1.65 | BD19: 0 | BE19: 1.65 | BF19: 0 | BG19: 0 | BH19: 1.65 | BI19: 0 | BJ19: 1.65 | BK19: 795.5 | BL19: 451.5 | BM19: 0 | BN19: 0 | BO19: 0 | BP19: 普通 | BQ19: 重力 | BR19: 无 | BS19: 无 | BT19: 1 | BU19: 指头 | BV19: 1 | BW19: 1 | BX19: 1 | BY19: 1 | BZ19: 1 | CA19: 1 | CB19: 558.441 | CC19: 648.11146 | CD19: 0 | CE19: 0 | CF19: 0 | CG19: 0 | CI19: 6 | CJ19: 0 | CK19: 0 | CL19: 60 | CM19: 1.03
A20: 魔法 | B20: 熔岩球 | C20: 母亲杖 | D20: 1950 | E20: 火 | F20: 210 | G20: 格密尔,熔岩 | H20: 5 | I20: 5 | J20: 3（大硬直） | K20: 无 | L20: 熔岩球 | M20: 母亲杖 | N20: 普通石 | O20: 25 | P20: 1925 | Q20: 0 | R20: 0 | S20: 210 | T20: 0 | U20: 0 | V20: 12 | W20: 0 | X20: 55 | Y20: 0 | Z20: 55 | AA20: 15 | AB20: 15 | AC20: 15 | AD20: 15 | AE20: 15 | AF20: 3 | AG20: 3 | AH20: 3 | AI20: 3 | AJ20: 3 | AK20: 20030 | AL20: 0 | AM20: 0 | AN20: 1.65 | AO20: 0 | AP20: 1.65 | AQ20: 0 | AR20: 0 | AS20: 1.65 | AT20: 0 | AU20: 1.65 | AV20: 0 | AW20: 0 | AX20: 1.65 | AY20: 0 | AZ20: 1.65 | BA20: 0 | BB20: 0 | BC20: 1.65 | BD20: 0 | BE20: 1.65 | BF20: 0 | BG20: 0 | BH20: 1.65 | BI20: 0 | BJ20: 1.65 | BK20: 0 | BL20: 0 | BM20: 903 | BN20: 0 | BO20: 0 | BP20: 无 | BQ20: 格密尔 | BR20: 无 | BS20: 熔岩 | BT20: 1 | BU20: 指头 | BV20: 1 | BW20: 1 | BX20: 1 | BY20: 1 | BZ20: 1 | CA20: 1 | CB20: 0 | CC20: 0 | CD20: 1950.48 | CE20: 0 | CF20: 0 | CG20: 0 | CI20: 6 | CJ20: 0 | CK20: 0 | CL20: 16 | CM20: 1.03
A21: 魔法 | B21: 岩石球 | C21: 母亲杖 | D21: 290 | E21: 普通 | F21: 102 | G21: 重力 | H21: 9.5 | I21: 9.5 | J21: 2（中硬直） | K21: 无 | L21: 岩石球 | M21: 母亲杖 | N21: 普通石 | O21: 25 | P21: 1925 | Q21: 102 | R21: 0 | S21: 0 | T21: 0 | U21: 0 | V21: 12 | W21: 0 | X21: 55 | Y21: 0 | Z21: 55 | AA21: 15 | AB21: 15 | AC21: 15 | AD21: 15 | AE21: 15 | AF21: 3 | AG21: 3 | AH21: 3 | AI21: 3 | AJ21: 3 | AK21: 20030 | AL21: 0 | AM21: 0 | AN21: 1.65 | AO21: 0 | AP21: 1.65 | AQ21: 0 | AR21: 0 | AS21: 1.65 | AT21: 0 | AU21: 1.65 | AV21: 0 | AW21: 0 | AX21: 1.65 | AY21: 0 | AZ21: 1.65 | BA21: 0 | BB21: 0 | BC21: 1.65 | BD21: 0 | BE21: 1.65 | BF21: 0 | BG21: 0 | BH21: 1.65 | BI21: 0 | BJ21: 1.65 | BK21: 438.6 | BL21: 0 | BM21: 0 | BN21: 0 | BO21: 0 | BP21: 普通 | BQ21: 重力 | BR21: 无 | BS21: 无 | BT21: 1 | BU21: 指头 | BV21: 1 | BW21: 1 | BX21: 1 | BY21: 1 | BZ21: 1 | CA21: 1 | CB21: 290.43452 | CC21: 0 | CD21: 0 | CE21: 0 | CF21: 0 | CG21: 0 | CI21: 6 | CJ21: 0 | CK21: 0 | CL21: 18 | CM21: 1.03
A22: 魔法 | B22: 帚星 | C22: 母亲杖 | D22: 1898 | E22: 魔 | F22: 292 | G22: 亚兹勒1 | H22: 7 | I22: 7 | J22: 1（小硬直） | K22: 无 | L22: 帚星 | M22: 母亲杖 | N22: 普通石 | O22: 25 | P22: 1925 | Q22: 0 | R22: 292 | S22: 0 | T22: 0 | U22: 0 | V22: 12 | W22: 0 | X22: 55 | Y22: 0 | Z22: 55 | AA22: 15 | AB22: 15 | AC22: 15 | AD22: 15 | AE22: 15 | AF22: 3 | AG22: 3 | AH22: 3 | AI22: 3 | AJ22: 3 | AK22: 20030 | AL22: 0 | AM22: 0 | AN22: 1.65 | AO22: 0 | AP22: 1.65 | AQ22: 0 | AR22: 0 | AS22: 1.65 | AT22: 0 | AU22: 1.65 | AV22: 0 | AW22: 0 | AX22: 1.65 | AY22: 0 | AZ22: 1.65 | BA22: 0 | BB22: 0 | BC22: 1.65 | BD22: 0 | BE22: 1.65 | BF22: 0 | BG22: 0 | BH22: 1.65 | BI22: 0 | BJ22: 1.65 | BK22: 0 | BL22: 1255.6 | BM22: 0 | BN22: 0 | BO22: 0 | BP22: 无 | BQ22: 亚兹勒1 | BR22: 无 | BS22: 无 | BT22: 1 | BU22: 指头 | BV22: 1 | BW22: 1 | BX22: 1 | BY22: 1 | BZ22: 1 | CA22: 1 | CB22: 0 | CC22: 1898.4672 | CD22: 0 | CE22: 0 | CF22: 0 | CG22: 0 | CI22: 6 | CJ22: 0 | CK22: 0 | CL22: 24 | CM22: 1.03
A23: 魔法 | B23: 帚星-蓄力 | C23: 母亲杖 | D23: 2373 | E23: 魔 | F23: 365 | G23: 亚兹勒1,蓄力 | H23: 12.95 | I23: 12.95 | J23: 2（中硬直） | K23: 无 | L23: 帚星-蓄力 | M23: 母亲杖 | N23: 普通石 | O23: 25 | P23: 1925 | Q23: 0 | R23: 365 | S23: 0 | T23: 0 | U23: 0 | V23: 12 | W23: 0 | X23: 55 | Y23: 0 | Z23: 55 | AA23: 15 | AB23: 15 | AC23: 15 | AD23: 15 | AE23: 15 | AF23: 3 | AG23: 3 | AH23: 3 | AI23: 3 | AJ23: 3 | AK23: 20030 | AL23: 0 | AM23: 0 | AN23: 1.65 | AO23: 0 | AP23: 1.65 | AQ23: 0 | AR23: 0 | AS23: 1.65 | AT23: 0 | AU23: 1.65 | AV23: 0 | AW23: 0 | AX23: 1.65 | AY23: 0 | AZ23: 1.65 | BA23: 0 | BB23: 0 | BC23: 1.65 | BD23: 0 | BE23: 1.65 | BF23: 0 | BG23: 0 | BH23: 1.65 | BI23: 0 | BJ23: 1.65 | BK23: 0 | BL23: 1569.5 | BM23: 0 | BN23: 0 | BO23: 0 | BP23: 无 | BQ23: 亚兹勒1 | BR23: 蓄力 | BS23: 无 | BT23: 1 | BU23: 指头 | BV23: 1 | BW23: 1 | BX23: 1 | BY23: 1 | BZ23: 1 | CA23: 1 | CB23: 0 | CC23: 2373.084 | CD23: 0 | CE23: 0 | CF23: 0 | CG23: 0 | CI23: 6 | CJ23: 0 | CK23: 0 | CL23: 24 | CM23: 1.03
A24: 魔法 | B24: 萨米尔冰风暴-蓄力第一下 | C24: 母亲杖 | D24: 640 | E24: 魔 | F24: 104 | G24: 冰魔法,蓄力,风暴 | H24: 10.18 | I24: 10.18 | J24: 8（微小硬直） | K24: 80冰冻值 | L24: 萨米尔冰风暴-蓄力第一下 | M24: 母亲杖 | N24: 普通石 | O24: 25 | P24: 1925 | Q24: 0 | R24: 104 | S24: 0 | T24: 0 | U24: 0 | V24: 12 | W24: 0 | X24: 55 | Y24: 0 | Z24: 55 | AA24: 15 | AB24: 15 | AC24: 15 | AD24: 15 | AE24: 15 | AF24: 3 | AG24: 3 | AH24: 3 | AI24: 3 | AJ24: 3 | AK24: 20030 | AL24: 0 | AM24: 0 | AN24: 1.65 | AO24: 0 | AP24: 1.65 | AQ24: 0 | AR24: 0 | AS24: 1.65 | AT24: 0 | AU24: 1.65 | AV24: 0 | AW24: 0 | AX24: 1.65 | AY24: 0 | AZ24: 1.65 | BA24: 0 | BB24: 0 | BC24: 1.65 | BD24: 0 | BE24: 1.65 | BF24: 0 | BG24: 0 | BH24: 1.65 | BI24: 0 | BJ24: 1.65 | BK24: 0 | BL24: 447.2 | BM24: 0 | BN24: 0 | BO24: 0 | BP24: 无 | BQ24: 冰魔法 | BR24: 蓄力 | BS24: 风暴 | BT24: 1 | BU24: 指头 | BV24: 1 | BW24: 1 | BX24: 1 | BY24: 1 | BZ24: 1 | CA24: 1 | CB24: 0 | CC24: 640.591 | CD24: 0 | CE24: 0 | CF24: 0 | CG24: 80 | CH24: 冰冻值 | CI24: 6 | CJ24: 0 | CK24: 0 | CL24: 17 | CM24: 1.03
A25: 祷告 | B25: 血焰爪痕 | C25: 龙飨印记 | D25: 2115 | E25: 火 | F25: 236 | H25: 10.18 | I25: 10.18 | J25: 2（中硬直） | K25: 100出血值 | L25: 血焰爪痕 | M25: 龙飨印记 | N25: 失色石 | O25: 10 | P25: 2410 | Q25: 0 | R25: 0 | S25: 236 | T25: 0 | U25: 0 | V25: 0 | W25: 0 | X25: 0 | Y25: 30 | Z25: 75 | AA25: 12 | AB25: 12 | AC25: 12 | AD25: 12 | AE25: 12 | AF25: 3 | AG25: 3 | AH25: 3 | AI25: 3 | AJ25: 3 | AK25: 30030 | AL25: 0 | AM25: 0 | AN25: 0 | AO25: 0.9 | AP25: 2.25 | AQ25: 0 | AR25: 0 | AS25: 0 | AT25: 0.9 | AU25: 2.25 | AV25: 0 | AW25: 0 | AX25: 0 | AY25: 0.9 | AZ25: 2.25 | BA25: 0 | BB25: 0 | BC25: 0 | BD25: 0.9 | BE25: 2.25 | BF25: 0 | BG25: 0 | BH25: 0 | BI25: 0.9 | BJ25: 2.25 | BK25: 0 | BL25: 0 | BM25: 979.4 | BN25: 0 | BO25: 0 | BP25: 无 | BQ25: 无 | BR25: 无 | BS25: 无 | BT25: 1 | BU25: 龙飨 | BV25: 1 | BW25: 1 | BX25: 1 | BY25: 1 | BZ25: 1 | CA25: 1 | CB25: 0 | CC25: 0 | CD25: 2115.504 | CE25: 0 | CF25: 0 | CG25: 0 | CI25: 11 | CJ25: 0 | CK25: 100 | CL25: 12 | CM25: 1
A26: 祷告 | B26: 贝勒的焰雷 | C26: 龙飨印记 | D26: 5226 | E26: 普通+火+雷 | F26: 280+220+280 | G26: 龙飨 | H26: 30 | I26: 30 | J26: 4（大击退） | K26: 无 | L26: 贝勒的焰雷 | M26: 龙飨印记 | N26: 失色石 | O26: 10 | P26: 2410 | Q26: 280 | R26: 0 | S26: 220 | T26: 280 | U26: 0 | V26: 0 | W26: 0 | X26: 0 | Y26: 30 | Z26: 75 | AA26: 12 | AB26: 12 | AC26: 12 | AD26: 12 | AE26: 12 | AF26: 3 | AG26: 3 | AH26: 3 | AI26: 3 | AJ26: 3 | AK26: 30030 | AL26: 0 | AM26: 0 | AN26: 0 | AO26: 0.9 | AP26: 2.25 | AQ26: 0 | AR26: 0 | AS26: 0 | AT26: 0.9 | AU26: 2.25 | AV26: 0 | AW26: 0 | AX26: 0 | AY26: 0.9 | AZ26: 2.25 | BA26: 0 | BB26: 0 | BC26: 0 | BD26: 0.9 | BE26: 2.25 | BF26: 0 | BG26: 0 | BH26: 0 | BI26: 0.9 | BJ26: 2.25 | BK26: 1162 | BL26: 0 | BM26: 913 | BN26: 1162 | BO26: 0 | BP26: 普通 | BQ26: 龙飨 | BR26: 无 | BS26: 无 | BT26: 1.15 | BU26: 龙飨 | BV26: 1.15 | BW26: 1 | BX26: 1 | BY26: 1 | BZ26: 1 | CA26: 1 | CB26: 938.0826 | CC26: 0 | CD26: 2267.892 | CE26: 2020.4856 | CF26: 0 | CG26: 0 | CI26: 11 | CJ26: 0 | CK26: 0 | CL26: 43 | CM26: 1
A27: 祷告 | B27: 桂奥尔的咆哮 | C27: 龙飨印记 | D27: 1072 | E27: 普通 | F27: 320 | G27: 龙飨,吐息 | H27: 16.11 | I27: 16.11 | J27: 7（击退） | K27: 无 | L27: 桂奥尔的咆哮 | M27: 龙飨印记 | N27: 失色石 | O27: 10 | P27: 2410 | Q27: 320 | R27: 0 | S27: 0 | T27: 0 | U27: 0 | V27: 0 | W27: 0 | X27: 0 | Y27: 30 | Z27: 75 | AA27: 12 | AB27: 12 | AC27: 12 | AD27: 12 | AE27: 12 | AF27: 3 | AG27: 3 | AH27: 3 | AI27: 3 | AJ27: 3 | AK27: 30030 | AL27: 0 | AM27: 0 | AN27: 0 | AO27: 0.9 | AP27: 2.25 | AQ27: 0 | AR27: 0 | AS27: 0 | AT27: 0.9 | AU27: 2.25 | AV27: 0 | AW27: 0 | AX27: 0 | AY27: 0.9 | AZ27: 2.25 | BA27: 0 | BB27: 0 | BC27: 0 | BD27: 0.9 | BE27: 2.25 | BF27: 0 | BG27: 0 | BH27: 0 | BI27: 0.9 | BJ27: 2.25 | BK27: 1328 | BL27: 0 | BM27: 0 | BN27: 0 | BO27: 0 | BP27: 普通 | BQ27: 龙飨 | BR27: 吐息 | BS27: 无 | BT27: 1.15 | BU27: 龙飨 | BV27: 1.15 | BW27: 1 | BX27: 1 | BY27: 1 | BZ27: 1 | CA27: 1 | CB27: 1072.0944 | CC27: 0 | CD27: 0 | CE27: 0 | CF27: 0 | CG27: 0 | CI27: 11 | CJ27: 0 | CK27: 0 | CL27: 50 | CM27: 1
A28: 祷告 | B28: 癫火 | C28: 龙飨印记 | D28: 907 | E28: 火 | F28: 107 | G28: 癫火 | H28: 5 | I28: 5 | J28: 2（中硬直） | K28: 30发狂值 | L28: 癫火 | M28: 龙飨印记 | N28: 失色石 | O28: 10 | P28: 2410 | Q28: 0 | R28: 0 | S28: 107 | T28: 0 | U28: 0 | V28: 0 | W28: 0 | X28: 0 | Y28: 30 | Z28: 75 | AA28: 12 | AB28: 12 | AC28: 12 | AD28: 12 | AE28: 12 | AF28: 3 | AG28: 3 | AH28: 3 | AI28: 3 | AJ28: 3 | AK28: 30030 | AL28: 0 | AM28: 0 | AN28: 0 | AO28: 0.9 | AP28: 2.25 | AQ28: 0 | AR28: 0 | AS28: 0 | AT28: 0.9 | AU28: 2.25 | AV28: 0 | AW28: 0 | AX28: 0 | AY28: 0.9 | AZ28: 2.25 | BA28: 0 | BB28: 0 | BC28: 0 | BD28: 0.9 | BE28: 2.25 | BF28: 0 | BG28: 0 | BH28: 0 | BI28: 0.9 | BJ28: 2.25 | BK28: 0 | BL28: 0 | BM28: 444.05 | BN28: 0 | BO28: 0 | BP28: 无 | BQ28: 癫火 | BR28: 无 | BS28: 无 | BT28: 1 | BU28: 龙飨 | BV28: 1 | BW28: 1 | BX28: 1 | BY28: 1 | BZ28: 1 | CA28: 1 | CB28: 0 | CC28: 0 | CD28: 907.25983 | CE28: 0 | CF28: 0 | CG28: 21 | CH28: 发狂值 | CI28: 11 | CJ28: 1 | CK28: 0 | CL28: 16 | CM28: 1
A29: 祷告 | B29: 火焰啊！-蓄力 | C29: 龙飨印记 | D29: 3451 | E29: 火 | F29: 385 | G29: 巨人,蓄力 | H29: 14.4 | I29: 14.4 | J29: 3（大硬直） | K29: 无 | L29: 火焰啊！-蓄力 | M29: 龙飨印记 | N29: 失色石 | O29: 10 | P29: 2410 | Q29: 0 | R29: 0 | S29: 385 | T29: 0 | U29: 0 | V29: 0 | W29: 0 | X29: 0 | Y29: 30 | Z29: 75 | AA29: 12 | AB29: 12 | AC29: 12 | AD29: 12 | AE29: 12 | AF29: 3 | AG29: 3 | AH29: 3 | AI29: 3 | AJ29: 3 | AK29: 30030 | AL29: 0 | AM29: 0 | AN29: 0 | AO29: 0.9 | AP29: 2.25 | AQ29: 0 | AR29: 0 | AS29: 0 | AT29: 0.9 | AU29: 2.25 | AV29: 0 | AW29: 0 | AX29: 0 | AY29: 0.9 | AZ29: 2.25 | BA29: 0 | BB29: 0 | BC29: 0 | BD29: 0.9 | BE29: 2.25 | BF29: 0 | BG29: 0 | BH29: 0 | BI29: 0.9 | BJ29: 2.25 | BK29: 0 | BL29: 0 | BM29: 1597.75 | BN29: 0 | BO29: 0 | BP29: 无 | BQ29: 巨人 | BR29: 蓄力 | BS29: 无 | BT29: 1 | BU29: 龙飨 | BV29: 1 | BW29: 1 | BX29: 1 | BY29: 1 | BZ29: 1 | CA29: 1 | CB29: 0 | CC29: 0 | CD29: 3451.14 | CE29: 0 | CF29: 0 | CG29: 0 | CI29: 11 | CJ29: 0 | CK29: 0 | CL29: 16 | CM29: 1
A30: 祷告 | B30: 龙咬 | C30: 龙飨印记 | D30: 2103 | E30: 普通 | F30: 628 | G30: 龙飨 | H30: 45 | I30: 45 | J30: 7（击退） | K30: 无 | L30: 龙咬 | M30: 龙飨印记 | N30: 失色石 | O30: 10 | P30: 2410 | Q30: 628 | R30: 0 | S30: 0 | T30: 0 | U30: 0 | V30: 0 | W30: 0 | X30: 0 | Y30: 30 | Z30: 75 | AA30: 12 | AB30: 12 | AC30: 12 | AD30: 12 | AE30: 12 | AF30: 3 | AG30: 3 | AH30: 3 | AI30: 3 | AJ30: 3 | AK30: 30030 | AL30: 0 | AM30: 0 | AN30: 0 | AO30: 0.9 | AP30: 2.25 | AQ30: 0 | AR30: 0 | AS30: 0 | AT30: 0.9 | AU30: 2.25 | AV30: 0 | AW30: 0 | AX30: 0 | AY30: 0.9 | AZ30: 2.25 | BA30: 0 | BB30: 0 | BC30: 0 | BD30: 0.9 | BE30: 2.25 | BF30: 0 | BG30: 0 | BH30: 0 | BI30: 0.9 | BJ30: 2.25 | BK30: 2606.2 | BL30: 0 | BM30: 0 | BN30: 0 | BO30: 0 | BP30: 普通 | BQ30: 龙飨 | BR30: 无 | BS30: 无 | BT30: 1.15 | BU30: 龙飨 | BV30: 1.15 | BW30: 1 | BX30: 1 | BY30: 1 | BZ30: 1 | CA30: 1 | CB30: 2103.9853 | CC30: 0 | CD30: 0 | CE30: 0 | CF30: 0 | CG30: 0 | CI30: 11 | CJ30: 0 | CK30: 0 | CL30: 34 | CM30: 1
A31: 祷告 | B31: 古龙雷击 | C31: 龙飨印记 | D31: 1989 | E31: 雷 | F31: 317 | G31: 古龙 | H31: 5 | I31: 5 | J31: 1（小硬直） | K31: 无 | L31: 古龙雷击 | M31: 龙飨印记 | N31: 失色石 | O31: 10 | P31: 2410 | Q31: 0 | R31: 0 | S31: 0 | T31: 317 | U31: 0 | V31: 0 | W31: 0 | X31: 0 | Y31: 30 | Z31: 75 | AA31: 12 | AB31: 12 | AC31: 12 | AD31: 12 | AE31: 12 | AF31: 3 | AG31: 3 | AH31: 3 | AI31: 3 | AJ31: 3 | AK31: 30030 | AL31: 0 | AM31: 0 | AN31: 0 | AO31: 0.9 | AP31: 2.25 | AQ31: 0 | AR31: 0 | AS31: 0 | AT31: 0.9 | AU31: 2.25 | AV31: 0 | AW31: 0 | AX31: 0 | AY31: 0.9 | AZ31: 2.25 | BA31: 0 | BB31: 0 | BC31: 0 | BD31: 0.9 | BE31: 2.25 | BF31: 0 | BG31: 0 | BH31: 0 | BI31: 0.9 | BJ31: 2.25 | BK31: 0 | BL31: 0 | BM31: 0 | BN31: 1315.55 | BO31: 0 | BP31: 无 | BQ31: 古龙 | BR31: 无 | BS31: 无 | BT31: 1 | BU31: 龙飨 | BV31: 1 | BW31: 1 | BX31: 1 | BY31: 1 | BZ31: 1 | CA31: 1 | CB31: 0 | CC31: 0 | CD31: 0 | CE31: 1989.1116 | CF31: 0 | CG31: 0 | CI31: 11 | CJ31: 0 | CK31: 0 | CL31: 36 | CM31: 1
A32: 祷告 | B32: 黄金大弯弧 | C32: 龙飨印记 | D32: 1349 | E32: 圣 | F32: 215 | G32: 螺旋 | H32: 8 | I32: 8 | J32: 1（小硬直） | K32: 无 | L32: 黄金大弯弧 | M32: 龙飨印记 | N32: 失色石 | O32: 10 | P32: 2410 | Q32: 0 | R32: 0 | S32: 0 | T32: 0 | U32: 215 | V32: 0 | W32: 0 | X32: 0 | Y32: 30 | Z32: 75 | AA32: 12 | AB32: 12 | AC32: 12 | AD32: 12 | AE32: 12 | AF32: 3 | AG32: 3 | AH32: 3 | AI32: 3 | AJ32: 3 | AK32: 30030 | AL32: 0 | AM32: 0 | AN32: 0 | AO32: 0.9 | AP32: 2.25 | AQ32: 0 | AR32: 0 | AS32: 0 | AT32: 0.9 | AU32: 2.25 | AV32: 0 | AW32: 0 | AX32: 0 | AY32: 0.9 | AZ32: 2.25 | BA32: 0 | BB32: 0 | BC32: 0 | BD32: 0.9 | BE32: 2.25 | BF32: 0 | BG32: 0 | BH32: 0 | BI32: 0.9 | BJ32: 2.25 | BK32: 0 | BL32: 0 | BM32: 0 | BN32: 0 | BO32: 892.25 | BP32: 无 | BQ32: 螺旋 | BR32: 无 | BS32: 无 | BT32: 1 | BU32: 龙飨 | BV32: 1 | BW32: 1 | BX32: 1 | BY32: 1 | BZ32: 1 | CA32: 1 | CB32: 0 | CC32: 0 | CD32: 0 | CE32: 0 | CF32: 1349.082 | CG32: 0 | CI32: 11 | CJ32: 0 | CK32: 0 | CL32: 24 | CM32: 1
A33: 祷告 | B33: 死亡雷击 | C33: 龙飨印记 | D33: 3218 | E33: 雷 | F33: 513 | G33: 古龙 | H33: 5 | I33: 5 | J33: 2（中硬直） | K33: 50死亡值 | L33: 死亡雷击 | M33: 龙飨印记 | N33: 失色石 | O33: 10 | P33: 2410 | Q33: 0 | R33: 0 | S33: 0 | T33: 513 | U33: 0 | V33: 0 | W33: 0 | X33: 0 | Y33: 30 | Z33: 75 | AA33: 12 | AB33: 12 | AC33: 12 | AD33: 12 | AE33: 12 | AF33: 3 | AG33: 3 | AH33: 3 | AI33: 3 | AJ33: 3 | AK33: 30030 | AL33: 0 | AM33: 0 | AN33: 0 | AO33: 0.9 | AP33: 2.25 | AQ33: 0 | AR33: 0 | AS33: 0 | AT33: 0.9 | AU33: 2.25 | AV33: 0 | AW33: 0 | AX33: 0 | AY33: 0.9 | AZ33: 2.25 | BA33: 0 | BB33: 0 | BC33: 0 | BD33: 0.9 | BE33: 2.25 | BF33: 0 | BG33: 0 | BH33: 0 | BI33: 0.9 | BJ33: 2.25 | BK33: 0 | BL33: 0 | BM33: 0 | BN33: 2128.95 | BO33: 0 | BP33: 无 | BQ33: 古龙 | BR33: 无 | BS33: 无 | BT33: 1 | BU33: 龙飨 | BV33: 1 | BW33: 1 | BX33: 1 | BY33: 1 | BZ33: 1 | CA33: 1 | CB33: 0 | CC33: 0 | CD33: 0 | CE33: 3218.9724 | CF33: 0 | CG33: 50 | CH33: 死亡值 | CI33: 11 | CJ33: 0 | CK33: 0 | CL33: 28 | CM33: 1
A34: 祷告 | B34: 感受巨人火焰吧 | C34: 龙飨印记 | D34: 2913 | E34: 火 | F34: 325 | G34: 巨人 | H34: 13.63 | I34: 13.63 | J34: 7（击退） | K34: 无 | L34: 感受巨人火焰吧 | M34: 龙飨印记 | N34: 失色石 | O34: 10 | P34: 2410 | Q34: 0 | R34: 0 | S34: 325 | T34: 0 | U34: 0 | V34: 0 | W34: 0 | X34: 0 | Y34: 30 | Z34: 75 | AA34: 12 | AB34: 12 | AC34: 12 | AD34: 12 | AE34: 12 | AF34: 3 | AG34: 3 | AH34: 3 | AI34: 3 | AJ34: 3 | AK34: 30030 | AL34: 0 | AM34: 0 | AN34: 0 | AO34: 0.9 | AP34: 2.25 | AQ34: 0 | AR34: 0 | AS34: 0 | AT34: 0.9 | AU34: 2.25 | AV34: 0 | AW34: 0 | AX34: 0 | AY34: 0.9 | AZ34: 2.25 | BA34: 0 | BB34: 0 | BC34: 0 | BD34: 0.9 | BE34: 2.25 | BF34: 0 | BG34: 0 | BH34: 0 | BI34: 0.9 | BJ34: 2.25 | BK34: 0 | BL34: 0 | BM34: 1348.75 | BN34: 0 | BO34: 0 | BP34: 无 | BQ34: 巨人 | BR34: 无 | BS34: 无 | BT34: 1 | BU34: 龙飨 | BV34: 1 | BW34: 1 | BX34: 1 | BY34: 1 | BZ34: 1 | CA34: 1 | CB34: 0 | CC34: 0 | CD34: 2913.3 | CE34: 0 | CF34: 0 | CG34: 0 | CI34: 11 | CJ34: 0 | CK34: 0 | CL34: 30 | CM34: 1

Sheet 对比计算
A1: 法术伤害对比计算器 v1.16 by: 虚空蛋黄酱
A2: 大致模拟了一下所有法术打恶兆的伤害，因为不同法术性能、范围差异巨大，数据仅供参考，暂不支持上buff。 如果想修改攻击的段数，在AtkParam表内修改。
A3: 人物属性 | H3: dlc专属
A4: 力 | B4: 敏 | C4: 智 | D4: 信 | E4: 感 | F4: 普通石强化 | G4: 失色石强化 | H4: 幽影树庇佑 | I4: 人物加伤
A5: 99 | B5: 99 | C5: 99 | D5: 99 | E5: 99 | F5: 25 | G5: 10 | H5: 20 | I5: =HLOOKUP(H5,Curve!B19:V20,2, )-1 -> 1.05
A6: 触媒属性 | K6: 计算 | L6: 力补正 | M6: 敏补正 | N6: 智补正 | O6: 信补正 | P6: 感补正 | Q6: 失色石 | R6: 强化曲线 | S6: 力补正成长 | T6: 敏补正成长 | U6: 智补正成长 | V6: 信补正成长 | W6: 感补正成长 | X6: 补正修正 | Y6: 物成长 | Z6: 魔成长 | AA6: 火成长 | AB6: 雷成长 | AC6: 圣成长 | AD6: 满足需求 | AE6: 物法强 | AF6: 魔法强 | AG6: 火法强 | AH6: 雷法强 | AI6: 圣法强 | AJ6: 异常成长 | AK6: 异常补正 | AL6: 特殊加成 | AM6: 类型
A7: 法杖 | B7: 圣印记 | C7: 普通石强化 | D7: 失色石强化 | E7: 物法强 | F7: 魔法强 | G7: 火法强 | H7: 雷法强 | I7: 圣法强 | J7: 法杖 | K7: =A8 -> 母亲杖 | L7: {=INDEX(Weapon!$I$2:$M$35,MATCH(K7,Weapon!$B$2:$B$35,),)} -> 12 | M7: 0 | N7: 55 | O7: 0 | P7: 55 | Q7: =_xlfn.XLOOKUP(K7,Weapon!B:B,Weapon!G:G) -> 0 | R7: {=_xlfn.XLOOKUP(K7,Weapon!B:B,Weapon!H:H)+_xlfn.IFS(K7="陨石杖",,Q7,$G$5,1,$F$5)} -> 1925 | S7: {=INDEX(WeaponUP!$B$2:$F$877,MATCH(R7,WeaponUP!$A$2:$A$877,),)} -> 3 | T7: 3 | U7: 3 | V7: 3 | W7: 3 | X7: =_xlfn.XLOOKUP(K7,Weapon!B:B,Weapon!T:T) -> 20030 | Y7: {=INDEX(Weapon!$N$2:$R$35,MATCH(K7,Weapon!$B$2:$B$35,),)} -> 15 | Z7: 15 | AA7: 15 | AB7: 15 | AC7: 15 | AD7: {=AND($C$5:$E$5>INDEX(Weapon!$D$2:$F$35,MATCH(K7,Weapon!$B$2:$B$35,),))} -> TRUE | AE7: {=IF(AD7,TRANSPOSE(1+_xlfn.BYROW(_xlfn.WRAPROWS(INDEX(AtkCorrect!$B$2:$Z$185,MATCH(X7,AtkCorrect!$A$2:$A$185,),),5)*_xlfn.ANCHORARRAY(L7)%*_xlfn.ANCHORARRAY(S7)*INDEX(Curve!$B$2:$EU$18,_xlfn.ANCHORARRAY(Y7)+1,$A$5:$E$5)%,_xleta.SUM)),0.6*S7^0)} -> 4.3 | AF7: 4.3 | AG7: 4.3 | AH7: 4.3 | AI7: 4.3 | AJ7: =_xlfn.XLOOKUP(K7,Weapon!B:B,Weapon!S:S) -> 6 | AK7: {=1+P7%*W7*INDEX(Curve!$B$2:$EU$18,AJ7+1,$E$5)%} -> 2.65 | AL7: =_xlfn.XLOOKUP($K7,Weapon!$B:$B,Weapon!V:V) -> 1.15 | AM7: =_xlfn.XLOOKUP($K7,Weapon!$B:$B,Weapon!W:W) -> 指头
A8: 母亲杖 | B8: 龙飨印记 | C8: 25 | D8: 10 | E8: {=IF(D11="魔法",_xlfn.ANCHORARRAY(AE7),_xlfn.ANCHORARRAY(AE8))*100} -> 430 | F8: 430 | G8: 430 | H8: 430 | I8: 430 | J8: 圣印记 | K8: =B8 -> 龙飨印记 | L8: {=INDEX(Weapon!$I$2:$M$35,MATCH(K8,Weapon!$B$2:$B$35,),)} -> 0 | M8: 0 | N8: 0 | O8: 30 | P8: 75 | Q8: =_xlfn.XLOOKUP(K8,Weapon!B:B,Weapon!G:G) -> 2200 | R8: {=_xlfn.XLOOKUP(K8,Weapon!B:B,Weapon!H:H)+_xlfn.IFS(K8="陨石杖",,Q8,$G$5,1,$F$5)} -> 2410 | S8: {=INDEX(WeaponUP!$B$2:$F$877,MATCH(R8,WeaponUP!$A$2:$A$877,),)} -> 3 | T8: 3 | U8: 3 | V8: 3 | W8: 3 | X8: =_xlfn.XLOOKUP(K8,Weapon!B:B,Weapon!T:T) -> 30030 | Y8: {=INDEX(Weapon!$N$2:$R$35,MATCH(K8,Weapon!$B$2:$B$35,),)} -> 12 | Z8: 12 | AA8: 12 | AB8: 12 | AC8: 12 | AD8: {=AND($C$5:$E$5>INDEX(Weapon!$D$2:$F$35,MATCH(K8,Weapon!$B$2:$B$35,),))} -> TRUE | AE8: {=IF(AD8,TRANSPOSE(1+_xlfn.BYROW(_xlfn.WRAPROWS(INDEX(AtkCorrect!$B$2:$Z$185,MATCH(X8,AtkCorrect!$A$2:$A$185,),),5)*_xlfn.ANCHORARRAY(L8)%*_xlfn.ANCHORARRAY(S8)*INDEX(Curve!$B$2:$EU$18,_xlfn.ANCHORARRAY(Y8)+1,$A$5:$E$5)%,_xleta.SUM)),0.6*S8^0)} -> 4.15 | AF8: 4.15 | AG8: 4.15 | AH8: 4.15 | AI8: 4.15 | AJ8: =_xlfn.XLOOKUP(K8,Weapon!B:B,Weapon!S:S) -> 11 | AK8: {=1+P8%*W8*INDEX(Curve!$B$2:$EU$18,AJ8+1,$E$5)%} -> 1.45 | AL8: =_xlfn.XLOOKUP($K8,Weapon!$B:$B,Weapon!V:V) -> 1.15 | AM8: =_xlfn.XLOOKUP($K8,Weapon!$B:$B,Weapon!W:W) -> 龙飨
A9: 敌人属性 | D9: 法术信息 | G9: 触媒属性
A10: 敌人 | B10: 周目数 | C10: 是否为dlc | D10: 类型 | E10: 是否蓄力/持续 | F10: 无限持续类重复 | G10: 异常补正 | H10: 特殊加成 | I10: 加成类型
A11: 下水道恶兆之子 | B11: 1 | C11: =_xlfn.XLOOKUP(A11,敌人数据!A:A,敌人数据!S:S) -> 否 | D11: 魔法 | E11: 是 | F11: 5 | G11: =IF(D11="魔法",AK7,AK8) -> 2.65 | H11: =IF($D$11="魔法",AL7,AL8) -> 1.15 | I11: =IF($D$11="魔法",AM7,AM8) -> 指头
B12: 普通 | C12: 打击 | D12: 斩击 | E12: 突刺 | F12: 魔 | G12: 火 | H12: 雷 | I12: 圣
A13: 防御 | B13: {=IF(LEN(B12:I12),INDEX(敌人数据!C1:J51,MATCH(A11,敌人数据!A1:A51,),MATCH(B11,敌人数据!C1:J1,)))} -> 117 | C13: 117 | D13: 117 | E13: 117 | F13: 117 | G13: 117 | H13: 117 | I13: 117
A14: 伤害倍率 | B14: {=INDEX(敌人数据!K1:R51,MATCH(A11,敌人数据!A1:A51,),)%} -> 1 | C14: 1 | D14: 1.1 | E14: 1 | F14: 1 | G14: 1 | H14: 1 | I14: 0.8
A15: 点击-/+即可显示/隐藏所有信息
A16: 魔法/祷告 | B16: 总伤害 | C16: 伤害类型 | D16: 蓄力/持续 | E16: 一周目削韧 | F16: ="当前周目"&CHAR(10)&TEXT(B11,"[DBNum1]")&"周目削韧" -> 当前周目 一周目削韧 | G16: 冲击力 | H16: 异常值 | I16: 耗蓝 | J16: 物伤害 | K16: 魔伤害 | L16: 火伤害 | M16: 雷伤害 | N16: 圣伤害 | O16: 特殊加成 | P16: ID 1 | Q16: ID 2 | R16: ID 3 | S16: ID 4 | T16: ID 5 | U16: ID 6 | V16: 持续id 1 | W16: 持续id 2 | X16: 持续id 3 | Y16: 次数1 | Z16: 次数2 | AA16: 次数3 | AB16: 次数4 | AC16: 次数5 | AD16: 次数6 | AE16: 物属性1 | AF16: 物属性2 | AG16: 物属性3 | AH16: 物属性4 | AI16: 物属性5 | AJ16: 物属性6 | AK16: 物攻击1 | AL16: 物攻击2 | AM16: 物攻击3 | AN16: 物攻击4 | AO16: 物攻击5 | AP16: 物攻击6 | AQ16: 物伤害1 | AR16: 物伤害2 | AS16: 物伤害3 | AT16: 物伤害4 | AU16: 物伤害5 | AV16: 物伤害6 | AW16: 魔攻击1 | AX16: 魔攻击2 | AY16: 魔攻击3 | AZ16: 魔攻击4 | BA16: 魔攻击5 | BB16: 魔攻击6 | BC16: 魔伤害1 | BD16: 魔伤害2 | BE16: 魔伤害3 | BF16: 魔伤害4 | BG16: 魔伤害5 | BH16: 魔伤害6 | BI16: 火攻击1 | BJ16: 火攻击2 | BK16: 火攻击3 | BL16: 火攻击4 | BM16: 火攻击5 | BN16: 火攻击6 | BO16: 火伤害1 | BP16: 火伤害2 | BQ16: 火伤害3 | BR16: 火伤害4 | BS16: 火伤害5 | BT16: 火伤害6 | BU16: 雷攻击1 | BV16: 雷攻击2 | BW16: 雷攻击3 | BX16: 雷攻击4 | BY16: 雷攻击5 | BZ16: 雷攻击6 | CA16: 雷伤害1 | CB16: 雷伤害2 | CC16: 雷伤害3 | CD16: 雷伤害4 | CE16: 雷伤害5 | CF16: 雷伤害6 | CG16: 圣攻击1 | CH16: 圣攻击2 | CI16: 圣攻击3 | CJ16: 圣攻击4 | CK16: 圣攻击5 | CL16: 圣攻击6 | CM16: 圣伤害1 | CN16: 圣伤害2 | CO16: 圣伤害3 | CP16: 圣伤害4 | CQ16: 圣伤害5 | CR16: 圣伤害6 | CS16: 削韧1 | CT16: 削韧2 | CU16: 削韧3 | CV16: 削韧4 | CW16: 削韧5 | CX16: 削韧6 | CY16: 冲击力1 | CZ16: 冲击力2 | DA16: 冲击力3 | DB16: 冲击力4 | DC16: 冲击力5 | DD16: 冲击力6 | DE16: 异常值1 | DF16: 异常值2 | DG16: 异常值3 | DH16: 异常值4 | DI16: 异常值5 | DJ16: 异常值6 | DK16: 异常类型 | DL16: 血焰
A17: {=IF(D11="魔法",SpellData!A2:A75,SpellData!A76:A167)} -> 辉石魔砾 | B17: {=_xlfn.BYROW(_xlfn.ANCHORARRAY(J17):_xlfn.ANCHORARRAY(N17),_xleta.SUM)} -> 563 | C17: {=_xlfn.BYROW(IF(_xlfn.ANCHORARRAY(J17):_xlfn.ANCHORARRAY(N17),IF({1,0,0,0,0},_xlfn.ANCHORARRAY(AE17),LEFT(J16:N16)),""),_xlfn.LAMBDA(_xlpm.x,_xlfn.TEXTJOIN("+",,_xlpm.x)))} -> 魔 | D17: {=IF(_xlfn.XLOOKUP(_xlfn.ANCHORARRAY(A17),SpellData!A:A,SpellData!F:F)*(E11="是"),"是","否")} -> 否 | E17: {=ROUND(_xlfn.BYROW(_xlfn.ANCHORARRAY(CS17):_xlfn.ANCHORARRAY(CX17)*_xlfn.ANCHORARRAY(Y17):_xlfn.ANCHORARRAY(AD17),_xleta.SUM),2)} -> 3 | F17: {=ROUND(_xlfn.ANCHORARRAY(E17)*INDEX({1,1,0.95,0.9,0.85,0.8,0.7,0.6},B11),2)} -> 3 | G17: {=_xlfn.BYROW(_xlfn.ANCHORARRAY(CY17):_xlfn.ANCHORARRAY(DD17),_xlfn.LAMBDA(_xlpm.x,_xlfn.TEXTJOIN("+",,_xlpm.x)))} -> 1 | H17: {=_xlfn.LET(_xlpm.p,_xlfn.BYROW(_xlfn.ANCHORARRAY(DE17):_xlfn.ANCHORARRAY(DJ17)*_xlfn.ANCHORARRAY(Y17):_xlfn.ANCHORARRAY(AD17),_xlfn.LAMBDA(_xlpm.x,SUM(INT(_xlpm.x))))*IF((_xlfn.ANCHORARRAY(DK17)="出血值")+(_xlfn.ANCHORARRAY(DK17)="发狂值"),G11,1),_xlpm.q,_xlfn.ANCHORARRAY(DL17),_xlfn.IFS(_xlpm.q,_xlpm.q&"出血值",_xlpm.p,INT(_xlpm.p)&_xlfn.ANCHORARRAY(DK17),1,"无"))} -> 无 | I17: {=VLOOKUP(_xlfn.ANCHORARRAY(A17),SpellData!A:D,IF(E11="是",4,3),)+_xlfn.XLOOKUP(_xlfn.ANCHORARRAY(A17),SpellData!A:A,SpellData!E:E)*F11} -> 7 | J17: {=INT(_xlfn.BYROW(_xlfn.ANCHORARRAY(AQ17):_xlfn.ANCHORARRAY(AV17),_xleta.SUM)*_xlfn.ANCHORARRAY(O17))} -> 0 | K17: {=INT(_xlfn.BYROW(_xlfn.ANCHORARRAY(BC17):_xlfn.ANCHORARRAY(BH17),_xleta.SUM)*_xlfn.ANCHORARRAY(O17))} -> 563 | L17: {=INT(_xlfn.BYROW(_xlfn.ANCHORARRAY(BO17):_xlfn.ANCHORARRAY(BT17),_xleta.SUM)*_xlfn.ANCHORARRAY(O17))} -> 0 | M17: {=INT(_xlfn.BYROW(_xlfn.ANCHORARRAY(CA17):_xlfn.ANCHORARRAY(CF17),_xleta.SUM)*_xlfn.ANCHORARRAY(O17))} -> 0 | N17: {=INT(_xlfn.BYROW(_xlfn.ANCHORARRAY(CM17):_xlfn.ANCHORARRAY(CR17),_xleta.SUM)*_xlfn.ANCHORARRAY(O17))} -> 0 | O17: {=IF(_xlfn.XLOOKUP(_xlfn.ANCHORARRAY(P17),AtkParam!A:A,AtkParam!M:M)=I11,H11,1)} -> 1 | P17: {=IF(_xlfn.ANCHORARRAY($D$17)="是",_xlfn.XLOOKUP(_xlfn.ANCHORARRAY($A$17),SpellData!$A:$A,SpellData!P:P),_xlfn.XLOOKUP(_xlfn.ANCHORARRAY($A$17),SpellData!$A:$A,SpellData!J:J))} -> 40000 | Q17: {=IF(_xlfn.ANCHORARRAY($D$17)="是",_xlfn.XLOOKUP(_xlfn.ANCHORARRAY($A$17),SpellData!$A:$A,SpellData!Q:Q),_xlfn.XLOOKUP(_xlfn.ANCHORARRAY($A$17),SpellData!$A:$A,SpellData!K:K))} -> 0 | R17: {=IF(_xlfn.ANCHORARRAY($D$17)="是",_xlfn.XLOOKUP(_xlfn.ANCHORARRAY($A$17),SpellData!$A:$A,SpellData!R:R),_xlfn.XLOOKUP(_xlfn.ANCHORARRAY($A$17),SpellData!$A:$A,SpellData!L:L))} -> 0 | S17: {=IF(_xlfn.ANCHORARRAY($D$17)="是",_xlfn.XLOOKUP(_xlfn.ANCHORARRAY($A$17),SpellData!$A:$A,SpellData!S:S),_xlfn.XLOOKUP(_xlfn.ANCHORARRAY($A$17),SpellData!$A:$A,SpellData!M:M))} -> 0 | T17: {=IF(_xlfn.ANCHORARRAY($D$17)="是",_xlfn.XLOOKUP(_xlfn.ANCHORARRAY($A$17),SpellData!$A:$A,SpellData!T:T),_xlfn.XLOOKUP(_xlfn.ANCHORARRAY($A$17),SpellData!$A:$A,SpellData!N:N))} -> 0 | U17: {=IF(_xlfn.ANCHORARRAY($D$17)="是",_xlfn.XLOOKUP(_xlfn.ANCHORARRAY($A$17),SpellData!$A:$A,SpellData!U:U),_xlfn.XLOOKUP(_xlfn.ANCHORARRAY($A$17),SpellData!$A:$A,SpellData!O:O))} -> 0 | V17: {=_xlfn.XLOOKUP(_xlfn.ANCHORARRAY($A$17),SpellData!$A:$A,SpellData!G:G)} -> 0 | W17: {=_xlfn.XLOOKUP(_xlfn.ANCHORARRAY($A$17),SpellData!$A:$A,SpellData!H:H)} -> 0 | X17: {=_xlfn.XLOOKUP(_xlfn.ANCHORARRAY($A$17),SpellData!$A:$A,SpellData!I:I)} -> 0 | Y17: {=IF(_xlfn.ANCHORARRAY(P17)=0,,_xlfn.XLOOKUP(_xlfn.ANCHORARRAY(P17),AtkParam!$A:$A,AtkParam!$C:$C,0)+IF($E$11="是",IF(_xlfn.ANCHORARRAY(P17)=_xlfn.ANCHORARRAY($V$17),$F$11)+IF(_xlfn.ANCHORARRAY(P17)=_xlfn.ANCHORARRAY($W$17),$F$11)+IF(_xlfn.ANCHORARRAY(P17)=_xlfn.ANCHORARRAY($X$17),$F$11,),))} -> 1 | Z17: {=IF(_xlfn.ANCHORARRAY(Q17)=0,,_xlfn.XLOOKUP(_xlfn.ANCHORARRAY(Q17),AtkParam!$A:$A,AtkParam!$C:$C,0)+IF($E$11="是",IF(_xlfn.ANCHORARRAY(Q17)=_xlfn.ANCHORARRAY($V$17),$F$11)+IF(_xlfn.ANCHORARRAY(Q17)=_xlfn.ANCHORARRAY($W$17),$F$11)+IF(_xlfn.ANCHORARRAY(Q17)=_xlfn.ANCHORARRAY($X$17),$F$11,),))} -> 0 | AA17: {=IF(_xlfn.ANCHORARRAY(R17)=0,,_xlfn.XLOOKUP(_xlfn.ANCHORARRAY(R17),AtkParam!$A:$A,AtkParam!$C:$C,0)+IF($E$11="是",IF(_xlfn.ANCHORARRAY(R17)=_xlfn.ANCHORARRAY($V$17),$F$11)+IF(_xlfn.ANCHORARRAY(R17)=_xlfn.ANCHORARRAY($W$17),$F$11)+IF(_xlfn.ANCHORARRAY(R17)=_xlfn.ANCHORARRAY($X$17),$F$11,),))} -> 0 | AB17: {=IF(_xlfn.ANCHORARRAY(S17)=0,,_xlfn.XLOOKUP(_xlfn.ANCHORARRAY(S17),AtkParam!$A:$A,AtkParam!$C:$C,0)+IF($E$11="是",IF(_xlfn.ANCHORARRAY(S17)=_xlfn.ANCHORARRAY($V$17),$F$11)+IF(_xlfn.ANCHORARRAY(S17)=_xlfn.ANCHORARRAY($W$17),$F$11)+IF(_xlfn.ANCHORARRAY(S17)=_xlfn.ANCHORARRAY($X$17),$F$11,),))} -> 0 | AC17: {=IF(_xlfn.ANCHORARRAY(T17)=0,,_xlfn.XLOOKUP(_xlfn.ANCHORARRAY(T17),AtkParam!$A:$A,AtkParam!$C:$C,0)+IF($E$11="是",IF(_xlfn.ANCHORARRAY(T17)=_xlfn.ANCHORARRAY($V$17),$F$11)+IF(_xlfn.ANCHORARRAY(T17)=_xlfn.ANCHORARRAY($W$17),$F$11)+IF(_xlfn.ANCHORARRAY(T17)=_xlfn.ANCHORARRAY($X$17),$F$11,),))} -> 0 | AD17: {=IF(_xlfn.ANCHORARRAY(U17)=0,,_xlfn.XLOOKUP(_xlfn.ANCHORARRAY(U17),AtkParam!$A:$A,AtkParam!$C:$C,0)+IF($E$11="是",IF(_xlfn.ANCHORARRAY(U17)=_xlfn.ANCHORARRAY($V$17),$F$11)+IF(_xlfn.ANCHORARRAY(U17)=_xlfn.ANCHORARRAY($W$17),$F$11)+IF(_xlfn.ANCHORARRAY(U17)=_xlfn.ANCHORARRAY($X$17),$F$11,),))} -> 0 | AE17: {=_xlfn.XLOOKUP(_xlfn.ANCHORARRAY(P17),AtkParam!$A:$A,AtkParam!$L:$L,"无")} -> 无 | AF17: {=_xlfn.XLOOKUP(_xlfn.ANCHORARRAY(Q17),AtkParam!$A:$A,AtkParam!$L:$L,"无")} -> 无 | AG17: {=_xlfn.XLOOKUP(_xlfn.ANCHORARRAY(R17),AtkParam!$A:$A,AtkParam!$L:$L,"无")} -> 无 | AH17: {=_xlfn.XLOOKUP(_xlfn.ANCHORARRAY(S17),AtkParam!$A:$A,AtkParam!$L:$L,"无")} -> 无 | AI17: {=_xlfn.XLOOKUP(_xlfn.ANCHORARRAY(T17),AtkParam!$A:$A,AtkParam!$L:$L,"无")} -> 无 | AJ17: {=_xlfn.XLOOKUP(_xlfn.ANCHORARRAY(U17),AtkParam!$A:$A,AtkParam!$L:$L,"无")} -> 无 | AK17: {=_xlfn.XLOOKUP(_xlfn.ANCHORARRAY(P17),AtkParam!$A:$A,AtkParam!$G:$G,0)*$E$8%} -> 0 | AL17: {=_xlfn.XLOOKUP(_xlfn.ANCHORARRAY(Q17),AtkParam!$A:$A,AtkParam!$G:$G,0)*$E$8%} -> 0 | AM17: {=_xlfn.XLOOKUP(_xlfn.ANCHORARRAY(R17),AtkParam!$A:$A,AtkParam!$G:$G,0)*$E$8%} -> 0 | AN17: {=_xlfn.XLOOKUP(_xlfn.ANCHORARRAY(S17),AtkParam!$A:$A,AtkParam!$G:$G,0)*$E$8%} -> 0 | AO17: {=_xlfn.XLOOKUP(_xlfn.ANCHORARRAY(T17),AtkParam!$A:$A,AtkParam!$G:$G,0)*$E$8%} -> 0 | AP17: {=_xlfn.XLOOKUP(_xlfn.ANCHORARRAY(U17),AtkParam!$A:$A,AtkParam!$G:$G,0)*$E$8%} -> 0 | AQ17: {=_xlfn.LET(_xlpm.r,_xlfn.XLOOKUP(_xlfn.ANCHORARRAY(AE17),$B$12:$E$12,$B$14:$E$14,0),_xlpm.p,_xlfn.ANCHORARRAY(AK17)/$E$13,_xlpm.q,MATCH(_xlpm.p,List!$C$2:$C$6),_xlpm.a,INDEX(List!$D$2:$D$6,_xlpm.q),_xlpm.b,INDEX(List!$E$2:$E$6,_xlpm.q),_xlpm.c,INDEX(List!$F$2:$F$6,_xlpm.q),INT((_xlpm.a*(_xlpm.p-_xlpm.b)^2+_xlpm.c)*_xlfn.ANCHORARRAY(AK17)*_xlpm.r)*_xlfn.ANCHORARRAY(Y17))} -> 0 | AR17: {=_xlfn.LET(_xlpm.r,_xlfn.XLOOKUP(_xlfn.ANCHORARRAY(AF17),$B$12:$E$12,$B$14:$E$14,0),_xlpm.p,_xlfn.ANCHORARRAY(AL17)/$E$13,_xlpm.q,MATCH(_xlpm.p,List!$C$2:$C$6),_xlpm.a,INDEX(List!$D$2:$D$6,_xlpm.q),_xlpm.b,INDEX(List!$E$2:$E$6,_xlpm.q),_xlpm.c,INDEX(List!$F$2:$F$6,_xlpm.q),INT((_xlpm.a*(_xlpm.p-_xlpm.b)^2+_xlpm.c)*_xlfn.ANCHORARRAY(AL17)*_xlpm.r)*_xlfn.ANCHORARRAY(Z17))} -> 0 | AS17: {=_xlfn.LET(_xlpm.r,_xlfn.XLOOKUP(_xlfn.ANCHORARRAY(AG17),$B$12:$E$12,$B$14:$E$14,0),_xlpm.p,_xlfn.ANCHORARRAY(AM17)/$E$13,_xlpm.q,MATCH(_xlpm.p,List!$C$2:$C$6),_xlpm.a,INDEX(List!$D$2:$D$6,_xlpm.q),_xlpm.b,INDEX(List!$E$2:$E$6,_xlpm.q),_xlpm.c,INDEX(List!$F$2:$F$6,_xlpm.q),INT((_xlpm.a*(_xlpm.p-_xlpm.b)^2+_xlpm.c)*_xlfn.ANCHORARRAY(AM17)*_xlpm.r)*_xlfn.ANCHORARRAY(AA17))} -> 0 | AT17: {=_xlfn.LET(_xlpm.r,_xlfn.XLOOKUP(_xlfn.ANCHORARRAY(AH17),$B$12:$E$12,$B$14:$E$14,0),_xlpm.p,_xlfn.ANCHORARRAY(AN17)/$E$13,_xlpm.q,MATCH(_xlpm.p,List!$C$2:$C$6),_xlpm.a,INDEX(List!$D$2:$D$6,_xlpm.q),_xlpm.b,INDEX(List!$E$2:$E$6,_xlpm.q),_xlpm.c,INDEX(List!$F$2:$F$6,_xlpm.q),INT((_xlpm.a*(_xlpm.p-_xlpm.b)^2+_xlpm.c)*_xlfn.ANCHORARRAY(AN17)*_xlpm.r)*_xlfn.ANCHORARRAY(AB17))} -> 0 | AU17: {=_xlfn.LET(_xlpm.r,_xlfn.XLOOKUP(_xlfn.ANCHORARRAY(AI17),$B$12:$E$12,$B$14:$E$14,0),_xlpm.p,_xlfn.ANCHORARRAY(AO17)/$E$13,_xlpm.q,MATCH(_xlpm.p,List!$C$2:$C$6),_xlpm.a,INDEX(List!$D$2:$D$6,_xlpm.q),_xlpm.b,INDEX(List!$E$2:$E$6,_xlpm.q),_xlpm.c,INDEX(List!$F$2:$F$6,_xlpm.q),INT((_xlpm.a*(_xlpm.p-_xlpm.b)^2+_xlpm.c)*_xlfn.ANCHORARRAY(AO17)*_xlpm.r)*_xlfn.ANCHORARRAY(AC17))} -> 0 | AV17: {=_xlfn.LET(_xlpm.r,_xlfn.XLOOKUP(_xlfn.ANCHORARRAY(AJ17),$B$12:$E$12,$B$14:$E$14,0),_xlpm.p,_xlfn.ANCHORARRAY(AP17)/$E$13,_xlpm.q,MATCH(_xlpm.p,List!$C$2:$C$6),_xlpm.a,INDEX(List!$D$2:$D$6,_xlpm.q),_xlpm.b,INDEX(List!$E$2:$E$6,_xlpm.q),_xlpm.c,INDEX(List!$F$2:$F$6,_xlpm.q),INT((_xlpm.a*(_xlpm.p-_xlpm.b)^2+_xlpm.c)*_xlfn.ANCHORARRAY(AP17)*_xlpm.r)*_xlfn.ANCHORARRAY(AD17))} -> 0 | AW17: {=_xlfn.XLOOKUP(_xlfn.ANCHORARRAY(P17),AtkParam!$A:$A,AtkParam!$H:$H,0)*$F$8%} -> 653.6 | AX17: {=_xlfn.XLOOKUP(_xlfn.ANCHORARRAY(Q17),AtkParam!$A:$A,AtkParam!$H:$H,0)*$F$8%} -> 0 | AY17: {=_xlfn.XLOOKUP(_xlfn.ANCHORARRAY(R17),AtkParam!$A:$A,AtkParam!$H:$H,0)*$F$8%} -> 0 | AZ17: {=_xlfn.XLOOKUP(_xlfn.ANCHORARRAY(S17),AtkParam!$A:$A,AtkParam!$H:$H,0)*$F$8%} -> 0 | BA17: {=_xlfn.XLOOKUP(_xlfn.ANCHORARRAY(T17),AtkParam!$A:$A,AtkParam!$H:$H,0)*$F$8%} -> 0 | BB17: {=_xlfn.XLOOKUP(_xlfn.ANCHORARRAY(U17),AtkParam!$A:$A,AtkParam!$H:$H,0)*$F$8%} -> 0 | BC17: {=_xlfn.LET(_xlpm.r,$F$14,_xlpm.p,_xlfn.ANCHORARRAY(AW17)/$F$13,_xlpm.q,MATCH(_xlpm.p,List!$C$2:$C$6),_xlpm.a,INDEX(List!$D$2:$D$6,_xlpm.q),_xlpm.b,INDEX(List!$E$2:$E$6,_xlpm.q),_xlpm.c,INDEX(List!$F$2:$F$6,_xlpm.q),INT((_xlpm.a*(_xlpm.p-_xlpm.b)^2+_xlpm.c)*_xlfn.ANCHORARRAY(AW17)*_xlpm.r)*_xlfn.ANCHORARRAY(Y17))} -> 563 | BD17: {=_xlfn.LET(_xlpm.r,$F$14,_xlpm.p,_xlfn.ANCHORARRAY(AX17)/$F$13,_xlpm.q,MATCH(_xlpm.p,List!$C$2:$C$6),_xlpm.a,INDEX(List!$D$2:$D$6,_xlpm.q),_xlpm.b,INDEX(List!$E$2:$E$6,_xlpm.q),_xlpm.c,INDEX(List!$F$2:$F$6,_xlpm.q),INT((_xlpm.a*(_xlpm.p-_xlpm.b)^2+_xlpm.c)*_xlfn.ANCHORARRAY(AX17)*_xlpm.r)*_xlfn.ANCHORARRAY(Z17))} -> 0 | BE17: {=_xlfn.LET(_xlpm.r,$F$14,_xlpm.p,_xlfn.ANCHORARRAY(AY17)/$F$13,_xlpm.q,MATCH(_xlpm.p,List!$C$2:$C$6),_xlpm.a,INDEX(List!$D$2:$D$6,_xlpm.q),_xlpm.b,INDEX(List!$E$2:$E$6,_xlpm.q),_xlpm.c,INDEX(List!$F$2:$F$6,_xlpm.q),INT((_xlpm.a*(_xlpm.p-_xlpm.b)^2+_xlpm.c)*_xlfn.ANCHORARRAY(AY17)*_xlpm.r)*_xlfn.ANCHORARRAY(AA17))} -> 0 | BF17: {=_xlfn.LET(_xlpm.r,$F$14,_xlpm.p,_xlfn.ANCHORARRAY(AZ17)/$F$13,_xlpm.q,MATCH(_xlpm.p,List!$C$2:$C$6),_xlpm.a,INDEX(List!$D$2:$D$6,_xlpm.q),_xlpm.b,INDEX(List!$E$2:$E$6,_xlpm.q),_xlpm.c,INDEX(List!$F$2:$F$6,_xlpm.q),INT((_xlpm.a*(_xlpm.p-_xlpm.b)^2+_xlpm.c)*_xlfn.ANCHORARRAY(AZ17)*_xlpm.r)*_xlfn.ANCHORARRAY(AB17))} -> 0 | BG17: {=_xlfn.LET(_xlpm.r,$F$14,_xlpm.p,_xlfn.ANCHORARRAY(BA17)/$F$13,_xlpm.q,MATCH(_xlpm.p,List!$C$2:$C$6),_xlpm.a,INDEX(List!$D$2:$D$6,_xlpm.q),_xlpm.b,INDEX(List!$E$2:$E$6,_xlpm.q),_xlpm.c,INDEX(List!$F$2:$F$6,_xlpm.q),INT((_xlpm.a*(_xlpm.p-_xlpm.b)^2+_xlpm.c)*_xlfn.ANCHORARRAY(BA17)*_xlpm.r)*_xlfn.ANCHORARRAY(AC17))} -> 0 | BH17: {=_xlfn.LET(_xlpm.r,$F$14,_xlpm.p,_xlfn.ANCHORARRAY(BB17)/$F$13,_xlpm.q,MATCH(_xlpm.p,List!$C$2:$C$6),_xlpm.a,INDEX(List!$D$2:$D$6,_xlpm.q),_xlpm.b,INDEX(List!$E$2:$E$6,_xlpm.q),_xlpm.c,INDEX(List!$F$2:$F$6,_xlpm.q),INT((_xlpm.a*(_xlpm.p-_xlpm.b)^2+_xlpm.c)*_xlfn.ANCHORARRAY(BB17)*_xlpm.r)*_xlfn.ANCHORARRAY(AD17))} -> 0 | BI17: {=_xlfn.XLOOKUP(_xlfn.ANCHORARRAY(P17),AtkParam!$A:$A,AtkParam!$I:$I,0)*$G$8%} -> 0 | BJ17: {=_xlfn.XLOOKUP(_xlfn.ANCHORARRAY(Q17),AtkParam!$A:$A,AtkParam!$I:$I,0)*$G$8%} -> 0 | BK17: {=_xlfn.XLOOKUP(_xlfn.ANCHORARRAY(R17),AtkParam!$A:$A,AtkParam!$I:$I,0)*$G$8%} -> 0 | BL17: {=_xlfn.XLOOKUP(_xlfn.ANCHORARRAY(S17),AtkParam!$A:$A,AtkParam!$I:$I,0)*$G$8%} -> 0 | BM17: {=_xlfn.XLOOKUP(_xlfn.ANCHORARRAY(T17),AtkParam!$A:$A,AtkParam!$I:$I,0)*$G$8%} -> 0 | BN17: {=_xlfn.XLOOKUP(_xlfn.ANCHORARRAY(U17),AtkParam!$A:$A,AtkParam!$I:$I,0)*$G$8%} -> 0 | BO17: {=_xlfn.LET(_xlpm.r,$G$14,_xlpm.p,_xlfn.ANCHORARRAY(BI17)/$G$13,_xlpm.q,MATCH(_xlpm.p,List!$C$2:$C$6),_xlpm.a,INDEX(List!$D$2:$D$6,_xlpm.q),_xlpm.b,INDEX(List!$E$2:$E$6,_xlpm.q),_xlpm.c,INDEX(List!$F$2:$F$6,_xlpm.q),INT((_xlpm.a*(_xlpm.p-_xlpm.b)^2+_xlpm.c)*_xlfn.ANCHORARRAY(BI17)*_xlpm.r)*_xlfn.ANCHORARRAY(Y17))} -> 0 | BP17: {=_xlfn.LET(_xlpm.r,$G$14,_xlpm.p,_xlfn.ANCHORARRAY(BJ17)/$G$13,_xlpm.q,MATCH(_xlpm.p,List!$C$2:$C$6),_xlpm.a,INDEX(List!$D$2:$D$6,_xlpm.q),_xlpm.b,INDEX(List!$E$2:$E$6,_xlpm.q),_xlpm.c,INDEX(List!$F$2:$F$6,_xlpm.q),INT((_xlpm.a*(_xlpm.p-_xlpm.b)^2+_xlpm.c)*_xlfn.ANCHORARRAY(BJ17)*_xlpm.r)*_xlfn.ANCHORARRAY(Z17))} -> 0 | BQ17: {=_xlfn.LET(_xlpm.r,$G$14,_xlpm.p,_xlfn.ANCHORARRAY(BK17)/$G$13,_xlpm.q,MATCH(_xlpm.p,List!$C$2:$C$6),_xlpm.a,INDEX(List!$D$2:$D$6,_xlpm.q),_xlpm.b,INDEX(List!$E$2:$E$6,_xlpm.q),_xlpm.c,INDEX(List!$F$2:$F$6,_xlpm.q),INT((_xlpm.a*(_xlpm.p-_xlpm.b)^2+_xlpm.c)*_xlfn.ANCHORARRAY(BK17)*_xlpm.r)*_xlfn.ANCHORARRAY(AA17))} -> 0 | BR17: {=_xlfn.LET(_xlpm.r,$G$14,_xlpm.p,_xlfn.ANCHORARRAY(BL17)/$G$13,_xlpm.q,MATCH(_xlpm.p,List!$C$2:$C$6),_xlpm.a,INDEX(List!$D$2:$D$6,_xlpm.q),_xlpm.b,INDEX(List!$E$2:$E$6,_xlpm.q),_xlpm.c,INDEX(List!$F$2:$F$6,_xlpm.q),INT((_xlpm.a*(_xlpm.p-_xlpm.b)^2+_xlpm.c)*_xlfn.ANCHORARRAY(BL17)*_xlpm.r)*_xlfn.ANCHORARRAY(AB17))} -> 0 | BS17: {=_xlfn.LET(_xlpm.r,$G$14,_xlpm.p,_xlfn.ANCHORARRAY(BM17)/$G$13,_xlpm.q,MATCH(_xlpm.p,List!$C$2:$C$6),_xlpm.a,INDEX(List!$D$2:$D$6,_xlpm.q),_xlpm.b,INDEX(List!$E$2:$E$6,_xlpm.q),_xlpm.c,INDEX(List!$F$2:$F$6,_xlpm.q),INT((_xlpm.a*(_xlpm.p-_xlpm.b)^2+_xlpm.c)*_xlfn.ANCHORARRAY(BM17)*_xlpm.r)*_xlfn.ANCHORARRAY(AC17))} -> 0 | BT17: {=_xlfn.LET(_xlpm.r,$G$14,_xlpm.p,_xlfn.ANCHORARRAY(BN17)/$G$13,_xlpm.q,MATCH(_xlpm.p,List!$C$2:$C$6),_xlpm.a,INDEX(List!$D$2:$D$6,_xlpm.q),_xlpm.b,INDEX(List!$E$2:$E$6,_xlpm.q),_xlpm.c,INDEX(List!$F$2:$F$6,_xlpm.q),INT((_xlpm.a*(_xlpm.p-_xlpm.b)^2+_xlpm.c)*_xlfn.ANCHORARRAY(BN17)*_xlpm.r)*_xlfn.ANCHORARRAY(AD17))} -> 0 | BU17: {=_xlfn.XLOOKUP(_xlfn.ANCHORARRAY(P17),AtkParam!$A:$A,AtkParam!$J:$J,0)*$H$8%} -> 0 | BV17: {=_xlfn.XLOOKUP(_xlfn.ANCHORARRAY(Q17),AtkParam!$A:$A,AtkParam!$J:$J,0)*$H$8%} -> 0 | BW17: {=_xlfn.XLOOKUP(_xlfn.ANCHORARRAY(R17),AtkParam!$A:$A,AtkParam!$J:$J,0)*$H$8%} -> 0 | BX17: {=_xlfn.XLOOKUP(_xlfn.ANCHORARRAY(S17),AtkParam!$A:$A,AtkParam!$J:$J,0)*$H$8%} -> 0 | BY17: {=_xlfn.XLOOKUP(_xlfn.ANCHORARRAY(T17),AtkParam!$A:$A,AtkParam!$J:$J,0)*$H$8%} -> 0 | BZ17: {=_xlfn.XLOOKUP(_xlfn.ANCHORARRAY(U17),AtkParam!$A:$A,AtkParam!$J:$J,0)*$H$8%} -> 0 | CA17: {=_xlfn.LET(_xlpm.r,$H$14,_xlpm.p,_xlfn.ANCHORARRAY(BU17)/$H$13,_xlpm.q,MATCH(_xlpm.p,List!$C$2:$C$6),_xlpm.a,INDEX(List!$D$2:$D$6,_xlpm.q),_xlpm.b,INDEX(List!$E$2:$E$6,_xlpm.q),_xlpm.c,INDEX(List!$F$2:$F$6,_xlpm.q),INT((_xlpm.a*(_xlpm.p-_xlpm.b)^2+_xlpm.c)*_xlfn.ANCHORARRAY(BU17)*_xlpm.r)*_xlfn.ANCHORARRAY(Y17))} -> 0 | CB17: {=_xlfn.LET(_xlpm.r,$H$14,_xlpm.p,_xlfn.ANCHORARRAY(BV17)/$H$13,_xlpm.q,MATCH(_xlpm.p,List!$C$2:$C$6),_xlpm.a,INDEX(List!$D$2:$D$6,_xlpm.q),_xlpm.b,INDEX(List!$E$2:$E$6,_xlpm.q),_xlpm.c,INDEX(List!$F$2:$F$6,_xlpm.q),INT((_xlpm.a*(_xlpm.p-_xlpm.b)^2+_xlpm.c)*_xlfn.ANCHORARRAY(BV17)*_xlpm.r)*_xlfn.ANCHORARRAY(Z17))} -> 0 | CC17: {=_xlfn.LET(_xlpm.r,$H$14,_xlpm.p,_xlfn.ANCHORARRAY(BW17)/$H$13,_xlpm.q,MATCH(_xlpm.p,List!$C$2:$C$6),_xlpm.a,INDEX(List!$D$2:$D$6,_xlpm.q),_xlpm.b,INDEX(List!$E$2:$E$6,_xlpm.q),_xlpm.c,INDEX(List!$F$2:$F$6,_xlpm.q),INT((_xlpm.a*(_xlpm.p-_xlpm.b)^2+_xlpm.c)*_xlfn.ANCHORARRAY(BW17)*_xlpm.r)*_xlfn.ANCHORARRAY(AA17))} -> 0 | CD17: {=_xlfn.LET(_xlpm.r,$H$14,_xlpm.p,_xlfn.ANCHORARRAY(BX17)/$H$13,_xlpm.q,MATCH(_xlpm.p,List!$C$2:$C$6),_xlpm.a,INDEX(List!$D$2:$D$6,_xlpm.q),_xlpm.b,INDEX(List!$E$2:$E$6,_xlpm.q),_xlpm.c,INDEX(List!$F$2:$F$6,_xlpm.q),INT((_xlpm.a*(_xlpm.p-_xlpm.b)^2+_xlpm.c)*_xlfn.ANCHORARRAY(BX17)*_xlpm.r)*_xlfn.ANCHORARRAY(AB17))} -> 0 | CE17: {=_xlfn.LET(_xlpm.r,$H$14,_xlpm.p,_xlfn.ANCHORARRAY(BY17)/$H$13,_xlpm.q,MATCH(_xlpm.p,List!$C$2:$C$6),_xlpm.a,INDEX(List!$D$2:$D$6,_xlpm.q),_xlpm.b,INDEX(List!$E$2:$E$6,_xlpm.q),_xlpm.c,INDEX(List!$F$2:$F$6,_xlpm.q),INT((_xlpm.a*(_xlpm.p-_xlpm.b)^2+_xlpm.c)*_xlfn.ANCHORARRAY(BY17)*_xlpm.r)*_xlfn.ANCHORARRAY(AC17))} -> 0 | CF17: {=_xlfn.LET(_xlpm.r,$H$14,_xlpm.p,_xlfn.ANCHORARRAY(BZ17)/$H$13,_xlpm.q,MATCH(_xlpm.p,List!$C$2:$C$6),_xlpm.a,INDEX(List!$D$2:$D$6,_xlpm.q),_xlpm.b,INDEX(List!$E$2:$E$6,_xlpm.q),_xlpm.c,INDEX(List!$F$2:$F$6,_xlpm.q),INT((_xlpm.a*(_xlpm.p-_xlpm.b)^2+_xlpm.c)*_xlfn.ANCHORARRAY(BZ17)*_xlpm.r)*_xlfn.ANCHORARRAY(AD17))} -> 0 | CG17: {=_xlfn.XLOOKUP(_xlfn.ANCHORARRAY(P17),AtkParam!$A:$A,AtkParam!$K:$K,0)*$I$8%} -> 0 | CH17: {=_xlfn.XLOOKUP(_xlfn.ANCHORARRAY(Q17),AtkParam!$A:$A,AtkParam!$K:$K,0)*$I$8%} -> 0 | CI17: {=_xlfn.XLOOKUP(_xlfn.ANCHORARRAY(R17),AtkParam!$A:$A,AtkParam!$K:$K,0)*$I$8%} -> 0 | CJ17: {=_xlfn.XLOOKUP(_xlfn.ANCHORARRAY(S17),AtkParam!$A:$A,AtkParam!$K:$K,0)*$I$8%} -> 0 | CK17: {=_xlfn.XLOOKUP(_xlfn.ANCHORARRAY(T17),AtkParam!$A:$A,AtkParam!$K:$K,0)*$I$8%} -> 0 | CL17: {=_xlfn.XLOOKUP(_xlfn.ANCHORARRAY(U17),AtkParam!$A:$A,AtkParam!$K:$K,0)*$I$8%} -> 0 | CM17: {=_xlfn.LET(_xlpm.r,$I$14,_xlpm.p,_xlfn.ANCHORARRAY(CG17)/$I$13,_xlpm.q,MATCH(_xlpm.p,List!$C$2:$C$6),_xlpm.a,INDEX(List!$D$2:$D$6,_xlpm.q),_xlpm.b,INDEX(List!$E$2:$E$6,_xlpm.q),_xlpm.c,INDEX(List!$F$2:$F$6,_xlpm.q),INT((_xlpm.a*(_xlpm.p-_xlpm.b)^2+_xlpm.c)*_xlfn.ANCHORARRAY(CG17)*_xlpm.r)*_xlfn.ANCHORARRAY(Y17))} -> 0 | CN17: {=_xlfn.LET(_xlpm.r,$I$14,_xlpm.p,_xlfn.ANCHORARRAY(CH17)/$I$13,_xlpm.q,MATCH(_xlpm.p,List!$C$2:$C$6),_xlpm.a,INDEX(List!$D$2:$D$6,_xlpm.q),_xlpm.b,INDEX(List!$E$2:$E$6,_xlpm.q),_xlpm.c,INDEX(List!$F$2:$F$6,_xlpm.q),INT((_xlpm.a*(_xlpm.p-_xlpm.b)^2+_xlpm.c)*_xlfn.ANCHORARRAY(CH17)*_xlpm.r)*_xlfn.ANCHORARRAY(Z17))} -> 0 | CO17: {=_xlfn.LET(_xlpm.r,$I$14,_xlpm.p,_xlfn.ANCHORARRAY(CI17)/$I$13,_xlpm.q,MATCH(_xlpm.p,List!$C$2:$C$6),_xlpm.a,INDEX(List!$D$2:$D$6,_xlpm.q),_xlpm.b,INDEX(List!$E$2:$E$6,_xlpm.q),_xlpm.c,INDEX(List!$F$2:$F$6,_xlpm.q),INT((_xlpm.a*(_xlpm.p-_xlpm.b)^2+_xlpm.c)*_xlfn.ANCHORARRAY(CI17)*_xlpm.r)*_xlfn.ANCHORARRAY(AA17))} -> 0 | CP17: {=_xlfn.LET(_xlpm.r,$I$14,_xlpm.p,_xlfn.ANCHORARRAY(CJ17)/$I$13,_xlpm.q,MATCH(_xlpm.p,List!$C$2:$C$6),_xlpm.a,INDEX(List!$D$2:$D$6,_xlpm.q),_xlpm.b,INDEX(List!$E$2:$E$6,_xlpm.q),_xlpm.c,INDEX(List!$F$2:$F$6,_xlpm.q),INT((_xlpm.a*(_xlpm.p-_xlpm.b)^2+_xlpm.c)*_xlfn.ANCHORARRAY(CJ17)*_xlpm.r)*_xlfn.ANCHORARRAY(AB17))} -> 0 | CQ17: {=_xlfn.LET(_xlpm.r,$I$14,_xlpm.p,_xlfn.ANCHORARRAY(CK17)/$I$13,_xlpm.q,MATCH(_xlpm.p,List!$C$2:$C$6),_xlpm.a,INDEX(List!$D$2:$D$6,_xlpm.q),_xlpm.b,INDEX(List!$E$2:$E$6,_xlpm.q),_xlpm.c,INDEX(List!$F$2:$F$6,_xlpm.q),INT((_xlpm.a*(_xlpm.p-_xlpm.b)^2+_xlpm.c)*_xlfn.ANCHORARRAY(CK17)*_xlpm.r)*_xlfn.ANCHORARRAY(AC17))} -> 0 | CR17: {=_xlfn.LET(_xlpm.r,$I$14,_xlpm.p,_xlfn.ANCHORARRAY(CL17)/$I$13,_xlpm.q,MATCH(_xlpm.p,List!$C$2:$C$6),_xlpm.a,INDEX(List!$D$2:$D$6,_xlpm.q),_xlpm.b,INDEX(List!$E$2:$E$6,_xlpm.q),_xlpm.c,INDEX(List!$F$2:$F$6,_xlpm.q),(_xlpm.a*(_xlpm.p-_xlpm.b)^2+_xlpm.c)*_xlfn.ANCHORARRAY(CL17)*_xlpm.r*_xlfn.ANCHORARRAY(AD17))} -> 0 | CS17: {=_xlfn.XLOOKUP(_xlfn.ANCHORARRAY(P17),AtkParam!$A:$A,AtkParam!$R:$R,0)} -> 3 | CT17: {=_xlfn.XLOOKUP(_xlfn.ANCHORARRAY(Q17),AtkParam!$A:$A,AtkParam!$R:$R,0)} -> 0 | CU17: {=_xlfn.XLOOKUP(_xlfn.ANCHORARRAY(R17),AtkParam!$A:$A,AtkParam!$R:$R,0)} -> 0 | CV17: {=_xlfn.XLOOKUP(_xlfn.ANCHORARRAY(S17),AtkParam!$A:$A,AtkParam!$R:$R,0)} -> 0 | CW17: {=_xlfn.XLOOKUP(_xlfn.ANCHORARRAY(T17),AtkParam!$A:$A,AtkParam!$R:$R,0)} -> 0 | CX17: {=_xlfn.XLOOKUP(_xlfn.ANCHORARRAY(U17),AtkParam!$A:$A,AtkParam!$R:$R,0)} -> 0 | CY17: {=_xlfn.XLOOKUP(_xlfn.ANCHORARRAY(P17),AtkParam!$A:$A,AtkParam!$S:$S,"")} -> 1 | CZ17: {=_xlfn.XLOOKUP(_xlfn.ANCHORARRAY(Q17),AtkParam!$A:$A,AtkParam!$S:$S,"")} | DA17: {=_xlfn.XLOOKUP(_xlfn.ANCHORARRAY(R17),AtkParam!$A:$A,AtkParam!$S:$S,"")} | DB17: {=_xlfn.XLOOKUP(_xlfn.ANCHORARRAY(S17),AtkParam!$A:$A,AtkParam!$S:$S,"")} | DC17: {=_xlfn.XLOOKUP(_xlfn.ANCHORARRAY(T17),AtkParam!$A:$A,AtkParam!$S:$S,"")} | DD17: {=_xlfn.XLOOKUP(_xlfn.ANCHORARRAY(U17),AtkParam!$A:$A,AtkParam!$S:$S,"")} | DE17: {=_xlfn.XLOOKUP(_xlfn.ANCHORARRAY(P17),AtkParam!$A:$A,AtkParam!$T:$T,0)} -> 0 | DF17: {=_xlfn.XLOOKUP(_xlfn.ANCHORARRAY(Q17),AtkParam!$A:$A,AtkParam!$T:$T,0)} -> 0 | DG17: {=_xlfn.XLOOKUP(_xlfn.ANCHORARRAY(R17),AtkParam!$A:$A,AtkParam!$T:$T,0)} -> 0 | DH17: {=_xlfn.XLOOKUP(_xlfn.ANCHORARRAY(S17),AtkParam!$A:$A,AtkParam!$T:$T,0)} -> 0 | DI17: {=_xlfn.XLOOKUP(_xlfn.ANCHORARRAY(T17),AtkParam!$A:$A,AtkParam!$T:$T,0)} -> 0 | DJ17: {=_xlfn.XLOOKUP(_xlfn.ANCHORARRAY(U17),AtkParam!$A:$A,AtkParam!$T:$T,0)} -> 0 | DK17: {=_xlfn.BYROW(_xlfn.XLOOKUP(_xlfn.ANCHORARRAY(P17):_xlfn.ANCHORARRAY(U17),AtkParam!A:A,AtkParam!U:U,""),_xlfn.LAMBDA(_xlpm.x,_xlfn.CONCAT(_xlfn.UNIQUE(_xlpm.x,1))))} | DL17: {=_xlfn.BYROW(_xlfn.XLOOKUP(_xlfn.ANCHORARRAY(P17):_xlfn.ANCHORARRAY(U17),AtkParam!A:A,AtkParam!W:W,0)*_xlfn.ANCHORARRAY(Y17):_xlfn.ANCHORARRAY(AD17),_xleta.SUM)} -> 0
A18: 辉石迅魔砾 | B18: 394 | C18: 魔 | D18: 否 | E18: 2 | F18: 2 | G18: 8 | H18: 无 | I18: 5 | J18: 0 | K18: 394 | L18: 0 | M18: 0 | N18: 0 | O18: 1 | P18: 40100 | Q18: 0 | R18: 0 | S18: 0 | T18: 0 | U18: 0 | V18: 0 | W18: 0 | X18: 0 | Y18: 1 | Z18: 0 | AA18: 0 | AB18: 0 | AC18: 0 | AD18: 0 | AE18: 无 | AF18: 无 | AG18: 无 | AH18: 无 | AI18: 无 | AJ18: 无 | AK18: 0 | AL18: 0 | AM18: 0 | AN18: 0 | AO18: 0 | AP18: 0 | AQ18: 0 | AR18: 0 | AS18: 0 | AT18: 0 | AU18: 0 | AV18: 0 | AW18: 490.2 | AX18: 0 | AY18: 0 | AZ18: 0 | BA18: 0 | BB18: 0 | BC18: 394 | BD18: 0 | BE18: 0 | BF18: 0 | BG18: 0 | BH18: 0 | BI18: 0 | BJ18: 0 | BK18: 0 | BL18: 0 | BM18: 0 | BN18: 0 | BO18: 0 | BP18: 0 | BQ18: 0 | BR18: 0 | BS18: 0 | BT18: 0 | BU18: 0 | BV18: 0 | BW18: 0 | BX18: 0 | BY18: 0 | BZ18: 0 | CA18: 0 | CB18: 0 | CC18: 0 | CD18: 0 | CE18: 0 | CF18: 0 | CG18: 0 | CH18: 0 | CI18: 0 | CJ18: 0 | CK18: 0 | CL18: 0 | CM18: 0 | CN18: 0 | CO18: 0 | CP18: 0 | CQ18: 0 | CR18: 0 | CS18: 2 | CT18: 0 | CU18: 0 | CV18: 0 | CW18: 0 | CX18: 0 | CY18: 8 | DE18: 0 | DF18: 0 | DG18: 0 | DH18: 0 | DI18: 0 | DJ18: 0 | DL18: 0
A19: 辉石大魔砾 | B19: 816 | C19: 魔 | D19: 否 | E19: 5.5 | F19: 5.5 | G19: 1 | H19: 无 | I19: 12 | J19: 0 | K19: 816 | L19: 0 | M19: 0 | N19: 0 | O19: 1 | P19: 40010 | Q19: 0 | R19: 0 | S19: 0 | T19: 0 | U19: 0 | V19: 0 | W19: 0 | X19: 0 | Y19: 1 | Z19: 0 | AA19: 0 | AB19: 0 | AC19: 0 | AD19: 0 | AE19: 无 | AF19: 无 | AG19: 无 | AH19: 无 | AI19: 无 | AJ19: 无 | AK19: 0 | AL19: 0 | AM19: 0 | AN19: 0 | AO19: 0 | AP19: 0 | AQ19: 0 | AR19: 0 | AS19: 0 | AT19: 0 | AU19: 0 | AV19: 0 | AW19: 907.3 | AX19: 0 | AY19: 0 | AZ19: 0 | BA19: 0 | BB19: 0 | BC19: 816 | BD19: 0 | BE19: 0 | BF19: 0 | BG19: 0 | BH19: 0 | BI19: 0 | BJ19: 0 | BK19: 0 | BL19: 0 | BM19: 0 | BN19: 0 | BO19: 0 | BP19: 0 | BQ19: 0 | BR19: 0 | BS19: 0 | BT19: 0 | BU19: 0 | BV19: 0 | BW19: 0 | BX19: 0 | BY19: 0 | BZ19: 0 | CA19: 0 | CB19: 0 | CC19: 0 | CD19: 0 | CE19: 0 | CF19: 0 | CG19: 0 | CH19: 0 | CI19: 0 | CJ19: 0 | CK19: 0 | CL19: 0 | CM19: 0 | CN19: 0 | CO19: 0 | CP19: 0 | CQ19: 0 | CR19: 0 | CS19: 5.5 | CT19: 0 | CU19: 0 | CV19: 0 | CW19: 0 | CX19: 0 | CY19: 1 | DE19: 0 | DF19: 0 | DG19: 0 | DH19: 0 | DI19: 0 | DJ19: 0 | DL19: 0
A20: 辉石彗星 | B20: 1253 | C20: 魔 | D20: 是 | E20: 10.18 | F20: 10.18 | G20: 1 | H20: 无 | I20: 17 | J20: 0 | K20: 1253 | L20: 0 | M20: 0 | N20: 0 | O20: 1 | P20: 40201 | Q20: 0 | R20: 0 | S20: 0 | T20: 0 | U20: 0 | V20: 0 | W20: 0 | X20: 0 | Y20: 1 | Z20: 0 | AA20: 0 | AB20: 0 | AC20: 0 | AD20: 0 | AE20: 无 | AF20: 无 | AG20: 无 | AH20: 无 | AI20: 无 | AJ20: 无 | AK20: 0 | AL20: 0 | AM20: 0 | AN20: 0 | AO20: 0 | AP20: 0 | AQ20: 0 | AR20: 0 | AS20: 0 | AT20: 0 | AU20: 0 | AV20: 0 | AW20: 1393.2 | AX20: 0 | AY20: 0 | AZ20: 0 | BA20: 0 | BB20: 0 | BC20: 1253 | BD20: 0 | BE20: 0 | BF20: 0 | BG20: 0 | BH20: 0 | BI20: 0 | BJ20: 0 | BK20: 0 | BL20: 0 | BM20: 0 | BN20: 0 | BO20: 0 | BP20: 0 | BQ20: 0 | BR20: 0 | BS20: 0 | BT20: 0 | BU20: 0 | BV20: 0 | BW20: 0 | BX20: 0 | BY20: 0 | BZ20: 0 | CA20: 0 | CB20: 0 | CC20: 0 | CD20: 0 | CE20: 0 | CF20: 0 | CG20: 0 | CH20: 0 | CI20: 0 | CJ20: 0 | CK20: 0 | CL20: 0 | CM20: 0 | CN20: 0 | CO20: 0 | CP20: 0 | CQ20: 0 | CR20: 0 | CS20: 10.175 | CT20: 0 | CU20: 0 | CV20: 0 | CW20: 0 | CX20: 0 | CY20: 1 | DE20: 0 | DF20: 0 | DG20: 0 | DH20: 0 | DI20: 0 | DJ20: 0 | DL20: 0
A21: 帚星 | B21: 1412 | C21: 魔 | D21: 是 | E21: 12.95 | F21: 12.95 | G21: 2 | H21: 无 | I21: 24 | J21: 0 | K21: 1412 | L21: 0 | M21: 0 | N21: 0 | O21: 1 | P21: 40211 | Q21: 0 | R21: 0 | S21: 0 | T21: 0 | U21: 0 | V21: 0 | W21: 0 | X21: 0 | Y21: 1 | Z21: 0 | AA21: 0 | AB21: 0 | AC21: 0 | AD21: 0 | AE21: 无 | AF21: 无 | AG21: 无 | AH21: 无 | AI21: 无 | AJ21: 无 | AK21: 0 | AL21: 0 | AM21: 0 | AN21: 0 | AO21: 0 | AP21: 0 | AQ21: 0 | AR21: 0 | AS21: 0 | AT21: 0 | AU21: 0 | AV21: 0 | AW21: 1569.5 | AX21: 0 | AY21: 0 | AZ21: 0 | BA21: 0 | BB21: 0 | BC21: 1412 | BD21: 0 | BE21: 0 | BF21: 0 | BG21: 0 | BH21: 0 | BI21: 0 | BJ21: 0 | BK21: 0 | BL21: 0 | BM21: 0 | BN21: 0 | BO21: 0 | BP21: 0 | BQ21: 0 | BR21: 0 | BS21: 0 | BT21: 0 | BU21: 0 | BV21: 0 | BW21: 0 | BX21: 0 | BY21: 0 | BZ21: 0 | CA21: 0 | CB21: 0 | CC21: 0 | CD21: 0 | CE21: 0 | CF21: 0 | CG21: 0 | CH21: 0 | CI21: 0 | CJ21: 0 | CK21: 0 | CL21: 0 | CM21: 0 | CN21: 0 | CO21: 0 | CP21: 0 | CQ21: 0 | CR21: 0 | CS21: 12.95 | CT21: 0 | CU21: 0 | CV21: 0 | CW21: 0 | CX21: 0 | CY21: 2 | DE21: 0 | DF21: 0 | DG21: 0 | DH21: 0 | DI21: 0 | DJ21: 0 | DL21: 0
A22: 旋飞魔砾 | B22: 1128 | C22: 魔 | D22: 是 | E22: 11.1 | F22: 11.1 | G22: 1 | H22: 无 | I22: 14 | J22: 0 | K22: 1128 | L22: 0 | M22: 0 | N22: 0 | O22: 1 | P22: 40301 | Q22: 0 | R22: 0 | S22: 0 | T22: 0 | U22: 0 | V22: 0 | W22: 0 | X22: 0 | Y22: 3 | Z22: 0 | AA22: 0 | AB22: 0 | AC22: 0 | AD22: 0 | AE22: 无 | AF22: 无 | AG22: 无 | AH22: 无 | AI22: 无 | AJ22: 无 | AK22: 0 | AL22: 0 | AM22: 0 | AN22: 0 | AO22: 0 | AP22: 0 | AQ22: 0 | AR22: 0 | AS22: 0 | AT22: 0 | AU22: 0 | AV22: 0 | AW22: 473 | AX22: 0 | AY22: 0 | AZ22: 0 | BA22: 0 | BB22: 0 | BC22: 1128 | BD22: 0 | BE22: 0 | BF22: 0 | BG22: 0 | BH22: 0 | BI22: 0 | BJ22: 0 | BK22: 0 | BL22: 0 | BM22: 0 | BN22: 0 | BO22: 0 | BP22: 0 | BQ22: 0 | BR22: 0 | BS22: 0 | BT22: 0 | BU22: 0 | BV22: 0 | BW22: 0 | BX22: 0 | BY22: 0 | BZ22: 0 | CA22: 0 | CB22: 0 | CC22: 0 | CD22: 0 | CE22: 0 | CF22: 0 | CG22: 0 | CH22: 0 | CI22: 0 | CJ22: 0 | CK22: 0 | CL22: 0 | CM22: 0 | CN22: 0 | CO22: 0 | CP22: 0 | CQ22: 0 | CR22: 0 | CS22: 3.7 | CT22: 0 | CU22: 0 | CV22: 0 | CW22: 0 | CX22: 0 | CY22: 1 | DE22: 0 | DF22: 0 | DG22: 0 | DH22: 0 | DI22: 0 | DJ22: 0 | DL22: 0
A23: 辉石流星 | B23: 871 | C23: 魔 | D23: 是 | E23: 11.1 | F23: 11.1 | G23: 1+1+1 | H23: 无 | I23: 12 | J23: 0 | K23: 871 | L23: 0 | M23: 0 | N23: 0 | O23: 1 | P23: 40405 | Q23: 40406 | R23: 40407 | S23: 0 | T23: 0 | U23: 0 | V23: 0 | W23: 0 | X23: 0 | Y23: 1 | Z23: 1 | AA23: 1 | AB23: 0 | AC23: 0 | AD23: 0 | AE23: 无 | AF23: 无 | AG23: 无 | AH23: 无 | AI23: 无 | AJ23: 无 | AK23: 0 | AL23: 0 | AM23: 0 | AN23: 0 | AO23: 0 | AP23: 0 | AQ23: 0 | AR23: 0 | AS23: 0 | AT23: 0 | AU23: 0 | AV23: 0 | AW23: 425.7 | AX23: 387 | AY23: 344 | AZ23: 0 | BA23: 0 | BB23: 0 | BC23: 329 | BD23: 291 | BE23: 251 | BF23: 0 | BG23: 0 | BH23: 0 | BI23: 0 | BJ23: 0 | BK23: 0 | BL23: 0 | BM23: 0 | BN23: 0 | BO23: 0 | BP23: 0 | BQ23: 0 | BR23: 0 | BS23: 0 | BT23: 0 | BU23: 0 | BV23: 0 | BW23: 0 | BX23: 0 | BY23: 0 | BZ23: 0 | CA23: 0 | CB23: 0 | CC23: 0 | CD23: 0 | CE23: 0 | CF23: 0 | CG23: 0 | CH23: 0 | CI23: 0 | CJ23: 0 | CK23: 0 | CL23: 0 | CM23: 0 | CN23: 0 | CO23: 0 | CP23: 0 | CQ23: 0 | CR23: 0 | CS23: 3.7 | CT23: 3.7 | CU23: 3.7 | CV23: 0 | CW23: 0 | CX23: 0 | CY23: 1 | CZ23: 1 | DA23: 1 | DE23: 0 | DF23: 0 | DG23: 0 | DH23: 0 | DI23: 0 | DJ23: 0 | DL23: 0
A24: 流星雨 | B24: 1238 | C24: 魔 | D24: 是 | E24: 11.1 | F24: 11.1 | G24: 1+1+1+1+1+1 | H24: 无 | I24: 23 | J24: 0 | K24: 1238 | L24: 0 | M24: 0 | N24: 0 | O24: 1 | P24: 40510 | Q24: 40511 | R24: 40512 | S24: 40513 | T24: 40514 | U24: 40515 | V24: 0 | W24: 0 | X24: 0 | Y24: 1 | Z24: 1 | AA24: 1 | AB24: 1 | AC24: 1 | AD24: 1 | AE24: 无 | AF24: 无 | AG24: 无 | AH24: 无 | AI24: 无 | AJ24: 无 | AK24: 0 | AL24: 0 | AM24: 0 | AN24: 0 | AO24: 0 | AP24: 0 | AQ24: 0 | AR24: 0 | AS24: 0 | AT24: 0 | AU24: 0 | AV24: 0 | AW24: 378.4 | AX24: 335.4 | AY24: 292.4 | AZ24: 270.9 | BA24: 249.4 | BB24: 227.9 | BC24: 283 | BD24: 243 | BE24: 204 | BF24: 188 | BG24: 170 | BH24: 150 | BI24: 0 | BJ24: 0 | BK24: 0 | BL24: 0 | BM24: 0 | BN24: 0 | BO24: 0 | BP24: 0 | BQ24: 0 | BR24: 0 | BS24: 0 | BT24: 0 | BU24: 0 | BV24: 0 | BW24: 0 | BX24: 0 | BY24: 0 | BZ24: 0 | CA24: 0 | CB24: 0 | CC24: 0 | CD24: 0 | CE24: 0 | CF24: 0 | CG24: 0 | CH24: 0 | CI24: 0 | CJ24: 0 | CK24: 0 | CL24: 0 | CM24: 0 | CN24: 0 | CO24: 0 | CP24: 0 | CQ24: 0 | CR24: 0 | CS24: 1.85 | CT24: 1.85 | CU24: 1.85 | CV24: 1.85 | CW24: 1.85 | CX24: 1.85 | CY24: 1 | CZ24: 1 | DA24: 1 | DB24: 1 | DC24: 1 | DD24: 1 | DE24: 0 | DF24: 0 | DG24: 0 | DH24: 0 | DI24: 0 | DJ24: 0 | DL24: 0
A25: 辉石弯弧 | B25: 545 | C25: 魔 | D25: 否 | E25: 5 | F25: 5 | G25: 1 | H25: 无 | I25: 9 | J25: 0 | K25: 545 | L25: 0 | M25: 0 | N25: 0 | O25: 1 | P25: 40070 | Q25: 0 | R25: 0 | S25: 0 | T25: 0 | U25: 0 | V25: 0 | W25: 0 | X25: 0 | Y25: 1 | Z25: 0 | AA25: 0 | AB25: 0 | AC25: 0 | AD25: 0 | AE25: 无 | AF25: 无 | AG25: 无 | AH25: 无 | AI25: 无 | AJ25: 无 | AK25: 0 | AL25: 0 | AM25: 0 | AN25: 0 | AO25: 0 | AP25: 0 | AQ25: 0 | AR25: 0 | AS25: 0 | AT25: 0 | AU25: 0 | AV25: 0 | AW25: 636.4 | AX25: 0 | AY25: 0 | AZ25: 0 | BA25: 0 | BB25: 0 | BC25: 545 | BD25: 0 | BE25: 0 | BF25: 0 | BG25: 0 | BH25: 0 | BI25: 0 | BJ25: 0 | BK25: 0 | BL25: 0 | BM25: 0 | BN25: 0 | BO25: 0 | BP25: 0 | BQ25: 0 | BR25: 0 | BS25: 0 | BT25: 0 | BU25: 0 | BV25: 0 | BW25: 0 | BX25: 0 | BY25: 0 | BZ25: 0 | CA25: 0 | CB25: 0 | CC25: 0 | CD25: 0 | CE25: 0 | CF25: 0 | CG25: 0 | CH25: 0 | CI25: 0 | CJ25: 0 | CK25: 0 | CL25: 0 | CM25: 0 | CN25: 0 | CO25: 0 | CP25: 0 | CQ25: 0 | CR25: 0 | CS25: 5 | CT25: 0 | CU25: 0 | CV25: 0 | CW25: 0 | CX25: 0 | CY25: 1 | DE25: 0 | DF25: 0 | DG25: 0 | DH25: 0 | DI25: 0 | DJ25: 0 | DL25: 0
A26: 结晶连弹 | B26: 1264 | C26: 魔 | D26: 是 | E26: 8 | F26: 8 | G26: 0 | H26: 无 | I26: 24 | J26: 0 | K26: 1264 | L26: 0 | M26: 0 | N26: 0 | O26: 1 | P26: 40600 | Q26: 0 | R26: 0 | S26: 0 | T26: 0 | U26: 0 | V26: 40600 | W26: 0 | X26: 0 | Y26: 16 | Z26: 0 | AA26: 0 | AB26: 0 | AC26: 0 | AD26: 0 | AE26: 无 | AF26: 无 | AG26: 无 | AH26: 无 | AI26: 无 | AJ26: 无 | AK26: 0 | AL26: 0 | AM26: 0 | AN26: 0 | AO26: 0 | AP26: 0 | AQ26: 0 | AR26: 0 | AS26: 0 | AT26: 0 | AU26: 0 | AV26: 0 | AW26: 154.8 | AX26: 0 | AY26: 0 | AZ26: 0 | BA26: 0 | BB26: 0 | BC26: 1264 | BD26: 0 | BE26: 0 | BF26: 0 | BG26: 0 | BH26: 0 | BI26: 0 | BJ26: 0 | BK26: 0 | BL26: 0 | BM26: 0 | BN26: 0 | BO26: 0 | BP26: 0 | BQ26: 0 | BR26: 0 | BS26: 0 | BT26: 0 | BU26: 0 | BV26: 0 | BW26: 0 | BX26: 0 | BY26: 0 | BZ26: 0 | CA26: 0 | CB26: 0 | CC26: 0 | CD26: 0 | CE26: 0 | CF26: 0 | CG26: 0 | CH26: 0 | CI26: 0 | CJ26: 0 | CK26: 0 | CL26: 0 | CM26: 0 | CN26: 0 | CO26: 0 | CP26: 0 | CQ26: 0 | CR26: 0 | CS26: 0.5 | CT26: 0 | CU26: 0 | CV26: 0 | CW26: 0 | CX26: 0 | CY26: 0 | DE26: 0 | DF26: 0 | DG26: 0 | DH26: 0 | DI26: 0 | DJ26: 0 | DL26: 0
A27: 结晶散射 | B27: 1508 | C27: 魔 | D27: 是 | E27: 24.05 | F27: 24.05 | G27: 8 | H27: 无 | I27: 14 | J27: 0 | K27: 1508 | L27: 0 | M27: 0 | N27: 0 | O27: 1 | P27: 40905 | Q27: 0 | R27: 0 | S27: 0 | T27: 0 | U27: 0 | V27: 0 | W27: 0 | X27: 0 | Y27: 13 | Z27: 0 | AA27: 0 | AB27: 0 | AC27: 0 | AD27: 0 | AE27: 无 | AF27: 无 | AG27: 无 | AH27: 无 | AI27: 无 | AJ27: 无 | AK27: 0 | AL27: 0 | AM27: 0 | AN27: 0 | AO27: 0 | AP27: 0 | AQ27: 0 | AR27: 0 | AS27: 0 | AT27: 0 | AU27: 0 | AV27: 0 | AW27: 193.5 | AX27: 0 | AY27: 0 | AZ27: 0 | BA27: 0 | BB27: 0 | BC27: 1508 | BD27: 0 | BE27: 0 | BF27: 0 | BG27: 0 | BH27: 0 | BI27: 0 | BJ27: 0 | BK27: 0 | BL27: 0 | BM27: 0 | BN27: 0 | BO27: 0 | BP27: 0 | BQ27: 0 | BR27: 0 | BS27: 0 | BT27: 0 | BU27: 0 | BV27: 0 | BW27: 0 | BX27: 0 | BY27: 0 | BZ27: 0 | CA27: 0 | CB27: 0 | CC27: 0 | CD27: 0 | CE27: 0 | CF27: 0 | CG27: 0 | CH27: 0 | CI27: 0 | CJ27: 0 | CK27: 0 | CL27: 0 | CM27: 0 | CN27: 0 | CO27: 0 | CP27: 0 | CQ27: 0 | CR27: 0 | CS27: 1.85 | CT27: 0 | CU27: 0 | CV27: 0 | CW27: 0 | CX27: 0 | CY27: 8 | DE27: 0 | DF27: 0 | DG27: 0 | DH27: 0 | DI27: 0 | DJ27: 0 | DL27: 0
A28: 海摩炮弹 | B28: 1284 | C28: 魔 | D28: 是 | E28: 19.3 | F28: 19.3 | G28: 7 | H28: 无 | I28: 38 | J28: 0 | K28: 1284 | L28: 0 | M28: 0 | N28: 0 | O28: 1 | P28: 40806 | Q28: 0 | R28: 0 | S28: 0 | T28: 0 | U28: 0 | V28: 0 | W28: 0 | X28: 0 | Y28: 1 | Z28: 0 | AA28: 0 | AB28: 0 | AC28: 0 | AD28: 0 | AE28: 无 | AF28: 无 | AG28: 无 | AH28: 无 | AI28: 无 | AJ28: 无 | AK28: 0 | AL28: 0 | AM28: 0 | AN28: 0 | AO28: 0 | AP28: 0 | AQ28: 0 | AR28: 0 | AS28: 0 | AT28: 0 | AU28: 0 | AV28: 0 | AW28: 1427.6 | AX28: 0 | AY28: 0 | AZ28: 0 | BA28: 0 | BB28: 0 | BC28: 1284 | BD28: 0 | BE28: 0 | BF28: 0 | BG28: 0 | BH28: 0 | BI28: 0 | BJ28: 0 | BK28: 0 | BL28: 0 | BM28: 0 | BN28: 0 | BO28: 0 | BP28: 0 | BQ28: 0 | BR28: 0 | BS28: 0 | BT28: 0 | BU28: 0 | BV28: 0 | BW28: 0 | BX28: 0 | BY28: 0 | BZ28: 0 | CA28: 0 | CB28: 0 | CC28: 0 | CD28: 0 | CE28: 0 | CF28: 0 | CG28: 0 | CH28: 0 | CI28: 0 | CJ28: 0 | CK28: 0 | CL28: 0 | CM28: 0 | CN28: 0 | CO28: 0 | CP28: 0 | CQ28: 0 | CR28: 0 | CS28: 19.296 | CT28: 0 | CU28: 0 | CV28: 0 | CW28: 0 | CX28: 0 | CY28: 7 | DE28: 0 | DF28: 0 | DG28: 0 | DH28: 0 | DI28: 0 | DJ28: 0 | DL28: 0
A29: 海摩大槌（本体） | B29: 1149 | C29: 魔 | D29: 否 | E29: 22.51 | F29: 22.51 | G29: 6 | H29: 无 | I29: 22 | J29: 0 | K29: 1149 | L29: 0 | M29: 0 | N29: 0 | O29: 1 | P29: 41200 | Q29: 0 | R29: 0 | S29: 0 | T29: 0 | U29: 0 | V29: 0 | W29: 0 | X29: 0 | Y29: 1 | Z29: 0 | AA29: 0 | AB29: 0 | AC29: 0 | AD29: 0 | AE29: 无 | AF29: 无 | AG29: 无 | AH29: 无 | AI29: 无 | AJ29: 无 | AK29: 0 | AL29: 0 | AM29: 0 | AN29: 0 | AO29: 0 | AP29: 0 | AQ29: 0 | AR29: 0 | AS29: 0 | AT29: 0 | AU29: 0 | AV29: 0 | AW29: 1277.1 | AX29: 0 | AY29: 0 | AZ29: 0 | BA29: 0 | BB29: 0 | BC29: 1149 | BD29: 0 | BE29: 0 | BF29: 0 | BG29: 0 | BH29: 0 | BI29: 0 | BJ29: 0 | BK29: 0 | BL29: 0 | BM29: 0 | BN29: 0 | BO29: 0 | BP29: 0 | BQ29: 0 | BR29: 0 | BS29: 0 | BT29: 0 | BU29: 0 | BV29: 0 | BW29: 0 | BX29: 0 | BY29: 0 | BZ29: 0 | CA29: 0 | CB29: 0 | CC29: 0 | CD29: 0 | CE29: 0 | CF29: 0 | CG29: 0 | CH29: 0 | CI29: 0 | CJ29: 0 | CK29: 0 | CL29: 0 | CM29: 0 | CN29: 0 | CO29: 0 | CP29: 0 | CQ29: 0 | CR29: 0 | CS29: 22.512 | CT29: 0 | CU29: 0 | CV29: 0 | CW29: 0 | CX29: 0 | CY29: 6 | DE29: 0 | DF29: 0 | DG29: 0 | DH29: 0 | DI29: 0 | DJ29: 0 | DL29: 0
A30: 海摩大槌（溅射） | B30: 936 | C30: 魔 | D30: 否 | E30: 16.11 | F30: 16.11 | G30: 6 | H30: 无 | I30: 22 | J30: 0 | K30: 936 | L30: 0 | M30: 0 | N30: 0 | O30: 1 | P30: 41205 | Q30: 0 | R30: 0 | S30: 0 | T30: 0 | U30: 0 | V30: 0 | W30: 0 | X30: 0 | Y30: 1 | Z30: 0 | AA30: 0 | AB30: 0 | AC30: 0 | AD30: 0 | AE30: 无 | AF30: 无 | AG30: 无 | AH30: 无 | AI30: 无 | AJ30: 无 | AK30: 0 | AL30: 0 | AM30: 0 | AN30: 0 | AO30: 0 | AP30: 0 | AQ30: 0 | AR30: 0 | AS30: 0 | AT30: 0 | AU30: 0 | AV30: 0 | AW30: 1040.6 | AX30: 0 | AY30: 0 | AZ30: 0 | BA30: 0 | BB30: 0 | BC30: 936 | BD30: 0 | BE30: 0 | BF30: 0 | BG30: 0 | BH30: 0 | BI30: 0 | BJ30: 0 | BK30: 0 | BL30: 0 | BM30: 0 | BN30: 0 | BO30: 0 | BP30: 0 | BQ30: 0 | BR30: 0 | BS30: 0 | BT30: 0 | BU30: 0 | BV30: 0 | BW30: 0 | BX30: 0 | BY30: 0 | BZ30: 0 | CA30: 0 | CB30: 0 | CC30: 0 | CD30: 0 | CE30: 0 | CF30: 0 | CG30: 0 | CH30: 0 | CI30: 0 | CJ30: 0 | CK30: 0 | CL30: 0 | CM30: 0 | CN30: 0 | CO30: 0 | CP30: 0 | CQ30: 0 | CR30: 0 | CS30: 16.1135 | CT30: 0 | CU30: 0 | CV30: 0 | CW30: 0 | CX30: 0 | CY30: 6 | DE30: 0 | DF30: 0 | DG30: 0 | DH30: 0 | DI30: 0 | DJ30: 0 | DL30: 0
A31: 爆碎岩盘（一段） | B31: 1337 | C31: 魔 | D31: 否 | E31: 28.18 | F31: 28.18 | G31: 1+8+2 | H31: 无 | I31: 10 | J31: 0 | K31: 1337 | L31: 0 | M31: 0 | N31: 0 | O31: 1 | P31: 41003 | Q31: 41002 | R31: 41000 | S31: 0 | T31: 0 | U31: 0 | V31: 0 | W31: 0 | X31: 0 | Y31: 1 | Z31: 3 | AA31: 1 | AB31: 0 | AC31: 0 | AD31: 0 | AE31: 无 | AF31: 无 | AG31: 无 | AH31: 无 | AI31: 无 | AJ31: 无 | AK31: 0 | AL31: 0 | AM31: 0 | AN31: 0 | AO31: 0 | AP31: 0 | AQ31: 0 | AR31: 0 | AS31: 0 | AT31: 0 | AU31: 0 | AV31: 0 | AW31: 292.4 | AX31: 223.6 | AY31: 782.6 | AZ31: 0 | BA31: 0 | BB31: 0 | BC31: 204 | BD31: 438 | BE31: 695 | BF31: 0 | BG31: 0 | BH31: 0 | BI31: 0 | BJ31: 0 | BK31: 0 | BL31: 0 | BM31: 0 | BN31: 0 | BO31: 0 | BP31: 0 | BQ31: 0 | BR31: 0 | BS31: 0 | BT31: 0 | BU31: 0 | BV31: 0 | BW31: 0 | BX31: 0 | BY31: 0 | BZ31: 0 | CA31: 0 | CB31: 0 | CC31: 0 | CD31: 0 | CE31: 0 | CF31: 0 | CG31: 0 | CH31: 0 | CI31: 0 | CJ31: 0 | CK31: 0 | CL31: 0 | CM31: 0 | CN31: 0 | CO31: 0 | CP31: 0 | CQ31: 0 | CR31: 0 | CS31: 6 | CT31: 4 | CU31: 10.175 | CV31: 0 | CW31: 0 | CX31: 0 | CY31: 1 | CZ31: 8 | DA31: 2 | DE31: 0 | DF31: 0 | DG31: 0 | DH31: 0 | DI31: 0 | DJ31: 0 | DL31: 0
A32: 爆碎岩盘（二段） | B32: 996 | C32: 魔 | D32: 否 | E32: 16.18 | F32: 16.18 | G32: 1+3 | H32: 无 | I32: 10 | J32: 0 | K32: 996 | L32: 0 | M32: 0 | N32: 0 | O32: 1 | P32: 41003 | Q32: 41001 | R32: 0 | S32: 0 | T32: 0 | U32: 0 | V32: 0 | W32: 0 | X32: 0 | Y32: 1 | Z32: 1 | AA32: 0 | AB32: 0 | AC32: 0 | AD32: 0 | AE32: 无 | AF32: 无 | AG32: 无 | AH32: 无 | AI32: 无 | AJ32: 无 | AK32: 0 | AL32: 0 | AM32: 0 | AN32: 0 | AO32: 0 | AP32: 0 | AQ32: 0 | AR32: 0 | AS32: 0 | AT32: 0 | AU32: 0 | AV32: 0 | AW32: 292.4 | AX32: 881.5 | AY32: 0 | AZ32: 0 | BA32: 0 | BB32: 0 | BC32: 204 | BD32: 792 | BE32: 0 | BF32: 0 | BG32: 0 | BH32: 0 | BI32: 0 | BJ32: 0 | BK32: 0 | BL32: 0 | BM32: 0 | BN32: 0 | BO32: 0 | BP32: 0 | BQ32: 0 | BR32: 0 | BS32: 0 | BT32: 0 | BU32: 0 | BV32: 0 | BW32: 0 | BX32: 0 | BY32: 0 | BZ32: 0 | CA32: 0 | CB32: 0 | CC32: 0 | CD32: 0 | CE32: 0 | CF32: 0 | CG32: 0 | CH32: 0 | CI32: 0 | CJ32: 0 | CK32: 0 | CL32: 0 | CM32: 0 | CN32: 0 | CO32: 0 | CP32: 0 | CQ32: 0 | CR32: 0 | CS32: 6 | CT32: 10.175 | CU32: 0 | CV32: 0 | CW32: 0 | CX32: 0 | CY32: 1 | CZ32: 3 | DE32: 0 | DF32: 0 | DG32: 0 | DH32: 0 | DI32: 0 | DJ32: 0 | DL32: 0
A33: 爆破岩盘 | B33: 3107 | C33: 魔 | D33: 是 | E33: 38.11 | F33: 38.11 | G33: 1+2 | H33: 无 | I33: 47 | J33: 0 | K33: 3107 | L33: 0 | M33: 0 | N33: 0 | O33: 1 | P33: 41100 | Q33: 41101 | R33: 0 | S33: 0 | T33: 0 | U33: 0 | V33: 41100 | W33: 0 | X33: 0 | Y33: 11 | Z33: 1 | AA33: 0 | AB33: 0 | AC33: 0 | AD33: 0 | AE33: 无 | AF33: 无 | AG33: 无 | AH33: 无 | AI33: 无 | AJ33: 无 | AK33: 0 | AL33: 0 | AM33: 0 | AN33: 0 | AO33: 0 | AP33: 0 | AQ33: 0 | AR33: 0 | AS33: 0 | AT33: 0 | AU33: 0 | AV33: 0 | AW33: 275.2 | AX33: 1118 | AY33: 0 | AZ33: 0 | BA33: 0 | BB33: 0 | BC33: 2101 | BD33: 1006 | BE33: 0 | BF33: 0 | BG33: 0 | BH33: 0 | BI33: 0 | BJ33: 0 | BK33: 0 | BL33: 0 | BM33: 0 | BN33: 0 | BO33: 0 | BP33: 0 | BQ33: 0 | BR33: 0 | BS33: 0 | BT33: 0 | BU33: 0 | BV33: 0 | BW33: 0 | BX33: 0 | BY33: 0 | BZ33: 0 | CA33: 0 | CB33: 0 | CC33: 0 | CD33: 0 | CE33: 0 | CF33: 0 | CG33: 0 | CH33: 0 | CI33: 0 | CJ33: 0 | CK33: 0 | CL33: 0 | CM33: 0 | CN33: 0 | CO33: 0 | CP33: 0 | CQ33: 0 | CR33: 0 | CS33: 2 | CT33: 16.1135 | CU33: 0 | CV33: 0 | CW33: 0 | CX33: 0 | CY33: 1 | CZ33: 2 | DE33: 0 | DF33: 0 | DG33: 0 | DH33: 0 | DI33: 0 | DJ33: 0 | DL33: 0
A34: 彗星亚兹勒 | B34: 6806 | C34: 魔 | D34: 是 | E34: 46 | F34: 46 | G34: 2+0+1+7+0 | H34: 无 | I34: 90 | J34: 0 | K34: 6806 | L34: 0 | M34: 0 | N34: 0 | O34: 1 | P34: 42000 | Q34: 42002 | R34: 42001 | S34: 42003 | T34: 42004 | U34: 0 | V34: 42002 | W34: 42001 | X34: 42003 | Y34: 3 | Z34: 8 | AA34: 8 | AB34: 6 | AC34: 1 | AD34: 0 | AE34: 无 | AF34: 无 | AG34: 无 | AH34: 无 | AI34: 无 | AJ34: 无 | AK34: 0 | AL34: 0 | AM34: 0 | AN34: 0 | AO34: 0 | AP34: 0 | AQ34: 0 | AR34: 0 | AS34: 0 | AT34: 0 | AU34: 0 | AV34: 0 | AW34: 236.5 | AX34: 322.5 | AY34: 387 | AZ34: 430 | BA34: 236.5 | BB34: 0 | BC34: 474 | BD34: 1848 | BE34: 2328 | BF34: 1998 | BG34: 158 | BH34: 0 | BI34: 0 | BJ34: 0 | BK34: 0 | BL34: 0 | BM34: 0 | BN34: 0 | BO34: 0 | BP34: 0 | BQ34: 0 | BR34: 0 | BS34: 0 | BT34: 0 | BU34: 0 | BV34: 0 | BW34: 0 | BX34: 0 | BY34: 0 | BZ34: 0 | CA34: 0 | CB34: 0 | CC34: 0 | CD34: 0 | CE34: 0 | CF34: 0 | CG34: 0 | CH34: 0 | CI34: 0 | CJ34: 0 | CK34: 0 | CL34: 0 | CM34: 0 | CN34: 0 | CO34: 0 | CP34: 0 | CQ34: 0 | CR34: 0 | CS34: 1 | CT34: 0.5 | CU34: 0.5 | CV34: 5 | CW34: 5 | CX34: 0 | CY34: 2 | CZ34: 0 | DA34: 1 | DB34: 7 | DC34: 0 | DE34: 0 | DF34: 0 | DG34: 0 | DH34: 0 | DI34: 0 | DJ34: 0 | DL34: 0
A35: 毁灭流星 | B35: 1384 | C35: 魔 | D35: 是 | E35: 7.4 | F35: 7.4 | G35: 0+0+0+0 | H35: 无 | I35: 32 | J35: 0 | K35: 1384 | L35: 0 | M35: 0 | N35: 0 | O35: 1 | P35: 42210 | Q35: 42212 | R35: 42214 | S35: 42216 | T35: 0 | U35: 0 | V35: 0 | W35: 0 | X35: 0 | Y35: 2 | Z35: 2 | AA35: 2 | AB35: 2 | AC35: 0 | AD35: 0 | AE35: 无 | AF35: 无 | AG35: 无 | AH35: 无 | AI35: 无 | AJ35: 无 | AK35: 0 | AL35: 0 | AM35: 0 | AN35: 0 | AO35: 0 | AP35: 0 | AQ35: 0 | AR35: 0 | AS35: 0 | AT35: 0 | AU35: 0 | AV35: 0 | AW35: 279.5 | AX35: 258 | AY35: 245.1 | AZ35: 232.2 | BA35: 0 | BB35: 0 | BC35: 390 | BD35: 354 | BE35: 332 | BF35: 308 | BG35: 0 | BH35: 0 | BI35: 0 | BJ35: 0 | BK35: 0 | BL35: 0 | BM35: 0 | BN35: 0 | BO35: 0 | BP35: 0 | BQ35: 0 | BR35: 0 | BS35: 0 | BT35: 0 | BU35: 0 | BV35: 0 | BW35: 0 | BX35: 0 | BY35: 0 | BZ35: 0 | CA35: 0 | CB35: 0 | CC35: 0 | CD35: 0 | CE35: 0 | CF35: 0 | CG35: 0 | CH35: 0 | CI35: 0 | CJ35: 0 | CK35: 0 | CL35: 0 | CM35: 0 | CN35: 0 | CO35: 0 | CP35: 0 | CQ35: 0 | CR35: 0 | CS35: 0.925 | CT35: 0.925 | CU35: 0.925 | CV35: 0.925 | CW35: 0 | CX35: 0 | CY35: 0 | CZ35: 0 | DA35: 0 | DB35: 0 | DE35: 0 | DF35: 0 | DG35: 0 | DH35: 0 | DI35: 0 | DJ35: 0 | DL35: 0
A36: 创星雨 | B36: 770 | C36: 魔 | D36: 是 | E36: 4.63 | F36: 4.63 | G36: 0 | H36: 无 | I36: 27 | J36: 0 | K36: 770 | L36: 0 | M36: 0 | N36: 0 | O36: 1 | P36: 42105 | Q36: 0 | R36: 0 | S36: 0 | T36: 0 | U36: 0 | V36: 0 | W36: 0 | X36: 0 | Y36: 5 | Z36: 0 | AA36: 0 | AB36: 0 | AC36: 0 | AD36: 0 | AE36: 无 | AF36: 无 | AG36: 无 | AH36: 无 | AI36: 无 | AJ36: 无 | AK36: 0 | AL36: 0 | AM36: 0 | AN36: 0 | AO36: 0 | AP36: 0 | AQ36: 0 | AR36: 0 | AS36: 0 | AT36: 0 | AU36: 0 | AV36: 0 | AW36: 232.2 | AX36: 0 | AY36: 0 | AZ36: 0 | BA36: 0 | BB36: 0 | BC36: 770 | BD36: 0 | BE36: 0 | BF36: 0 | BG36: 0 | BH36: 0 | BI36: 0 | BJ36: 0 | BK36: 0 | BL36: 0 | BM36: 0 | BN36: 0 | BO36: 0 | BP36: 0 | BQ36: 0 | BR36: 0 | BS36: 0 | BT36: 0 | BU36: 0 | BV36: 0 | BW36: 0 | BX36: 0 | BY36: 0 | BZ36: 0 | CA36: 0 | CB36: 0 | CC36: 0 | CD36: 0 | CE36: 0 | CF36: 0 | CG36: 0 | CH36: 0 | CI36: 0 | CJ36: 0 | CK36: 0 | CL36: 0 | CM36: 0 | CN36: 0 | CO36: 0 | CP36: 0 | CQ36: 0 | CR36: 0 | CS36: 0.925 | CT36: 0 | CU36: 0 | CV36: 0 | CW36: 0 | CX36: 0 | CY36: 0 | DE36: 0 | DF36: 0 | DG36: 0 | DH36: 0 | DI36: 0 | DJ36: 0 | DL36: 0
A37: 魔法辉剑 | B37: 890 | C37: 魔 | D37: 是 | E37: 10.18 | F37: 10.18 | G37: 1 | H37: 无 | I37: 12 | J37: 0 | K37: 890 | L37: 0 | M37: 0 | N37: 0 | O37: 1 | P37: 43905 | Q37: 0 | R37: 0 | S37: 0 | T37: 0 | U37: 0 | V37: 0 | W37: 0 | X37: 0 | Y37: 1 | Z37: 0 | AA37: 0 | AB37: 0 | AC37: 0 | AD37: 0 | AE37: 无 | AF37: 无 | AG37: 无 | AH37: 无 | AI37: 无 | AJ37: 无 | AK37: 0 | AL37: 0 | AM37: 0 | AN37: 0 | AO37: 0 | AP37: 0 | AQ37: 0 | AR37: 0 | AS37: 0 | AT37: 0 | AU37: 0 | AV37: 0 | AW37: 989 | AX37: 0 | AY37: 0 | AZ37: 0 | BA37: 0 | BB37: 0 | BC37: 890 | BD37: 0 | BE37: 0 | BF37: 0 | BG37: 0 | BH37: 0 | BI37: 0 | BJ37: 0 | BK37: 0 | BL37: 0 | BM37: 0 | BN37: 0 | BO37: 0 | BP37: 0 | BQ37: 0 | BR37: 0 | BS37: 0 | BT37: 0 | BU37: 0 | BV37: 0 | BW37: 0 | BX37: 0 | BY37: 0 | BZ37: 0 | CA37: 0 | CB37: 0 | CC37: 0 | CD37: 0 | CE37: 0 | CF37: 0 | CG37: 0 | CH37: 0 | CI37: 0 | CJ37: 0 | CK37: 0 | CL37: 0 | CM37: 0 | CN37: 0 | CO37: 0 | CP37: 0 | CQ37: 0 | CR37: 0 | CS37: 10.175 | CT37: 0 | CU37: 0 | CV37: 0 | CW37: 0 | CX37: 0 | CY37: 1 | DE37: 0 | DF37: 0 | DG37: 0 | DH37: 0 | DI37: 0 | DJ37: 0 | DL37: 0
A38: 魔法三辉剑 | B38: 1353 | C38: 魔 | D38: 是 | E38: 18 | F38: 18 | G38: 1 | H38: 无 | I38: 19 | J38: 0 | K38: 1353 | L38: 0 | M38: 0 | N38: 0 | O38: 1 | P38: 210431050 | Q38: 0 | R38: 0 | S38: 0 | T38: 0 | U38: 0 | V38: 0 | W38: 0 | X38: 0 | Y38: 3 | Z38: 0 | AA38: 0 | AB38: 0 | AC38: 0 | AD38: 0 | AE38: 无 | AF38: 无 | AG38: 无 | AH38: 无 | AI38: 无 | AJ38: 无 | AK38: 0 | AL38: 0 | AM38: 0 | AN38: 0 | AO38: 0 | AP38: 0 | AQ38: 0 | AR38: 0 | AS38: 0 | AT38: 0 | AU38: 0 | AV38: 0 | AW38: 546.1 | AX38: 0 | AY38: 0 | AZ38: 0 | BA38: 0 | BB38: 0 | BC38: 1353 | BD38: 0 | BE38: 0 | BF38: 0 | BG38: 0 | BH38: 0 | BI38: 0 | BJ38: 0 | BK38: 0 | BL38: 0 | BM38: 0 | BN38: 0 | BO38: 0 | BP38: 0 | BQ38: 0 | BR38: 0 | BS38: 0 | BT38: 0 | BU38: 0 | BV38: 0 | BW38: 0 | BX38: 0 | BY38: 0 | BZ38: 0 | CA38: 0 | CB38: 0 | CC38: 0 | CD38: 0 | CE38: 0 | CF38: 0 | CG38: 0 | CH38: 0 | CI38: 0 | CJ38: 0 | CK38: 0 | CL38: 0 | CM38: 0 | CN38: 0 | CO38: 0 | CP38: 0 | CQ38: 0 | CR38: 0 | CS38: 6 | CT38: 0 | CU38: 0 | CV38: 0 | CW38: 0 | CX38: 0 | CY38: 1 | DE38: 0 | DF38: 0 | DG38: 0 | DH38: 0 | DI38: 0 | DJ38: 0 | DL38: 0
A39: 辉剑圆阵 | B39: 885 | C39: 魔 | D39: 否 | E39: 5 | F39: 5 | G39: 1 | H39: 无 | I39: 18 | J39: 0 | K39: 885 | L39: 0 | M39: 0 | N39: 0 | O39: 1 | P39: 43000 | Q39: 0 | R39: 0 | S39: 0 | T39: 0 | U39: 0 | V39: 0 | W39: 0 | X39: 0 | Y39: 5 | Z39: 0 | AA39: 0 | AB39: 0 | AC39: 0 | AD39: 0 | AE39: 无 | AF39: 无 | AG39: 无 | AH39: 无 | AI39: 无 | AJ39: 无 | AK39: 0 | AL39: 0 | AM39: 0 | AN39: 0 | AO39: 0 | AP39: 0 | AQ39: 0 | AR39: 0 | AS39: 0 | AT39: 0 | AU39: 0 | AV39: 0 | AW39: 258 | AX39: 0 | AY39: 0 | AZ39: 0 | BA39: 0 | BB39: 0 | BC39: 885 | BD39: 0 | BE39: 0 | BF39: 0 | BG39: 0 | BH39: 0 | BI39: 0 | BJ39: 0 | BK39: 0 | BL39: 0 | BM39: 0 | BN39: 0 | BO39: 0 | BP39: 0 | BQ39: 0 | BR39: 0 | BS39: 0 | BT39: 0 | BU39: 0 | BV39: 0 | BW39: 0 | BX39: 0 | BY39: 0 | BZ39: 0 | CA39: 0 | CB39: 0 | CC39: 0 | CD39: 0 | CE39: 0 | CF39: 0 | CG39: 0 | CH39: 0 | CI39: 0 | CJ39: 0 | CK39: 0 | CL39: 0 | CM39: 0 | CN39: 0 | CO39: 0 | CP39: 0 | CQ39: 0 | CR39: 0 | CS39: 1 | CT39: 0 | CU39: 0 | CV39: 0 | CW39: 0 | CX39: 0 | CY39: 1 | DE39: 0 | DF39: 0 | DG39: 0 | DH39: 0 | DI39: 0 | DJ39: 0 | DL39: 0
A40: 卡利亚圆阵 | B40: 1161 | C40: 魔 | D40: 否 | E40: 9 | F40: 9 | G40: 1 | H40: 无 | I40: 24 | J40: 0 | K40: 1161 | L40: 0 | M40: 0 | N40: 0 | O40: 1 | P40: 43010 | Q40: 0 | R40: 0 | S40: 0 | T40: 0 | U40: 0 | V40: 0 | W40: 0 | X40: 0 | Y40: 9 | Z40: 0 | AA40: 0 | AB40: 0 | AC40: 0 | AD40: 0 | AE40: 无 | AF40: 无 | AG40: 无 | AH40: 无 | AI40: 无 | AJ40: 无 | AK40: 0 | AL40: 0 | AM40: 0 | AN40: 0 | AO40: 0 | AP40: 0 | AQ40: 0 | AR40: 0 | AS40: 0 | AT40: 0 | AU40: 0 | AV40: 0 | AW40: 206.4 | AX40: 0 | AY40: 0 | AZ40: 0 | BA40: 0 | BB40: 0 | BC40: 1161 | BD40: 0 | BE40: 0 | BF40: 0 | BG40: 0 | BH40: 0 | BI40: 0 | BJ40: 0 | BK40: 0 | BL40: 0 | BM40: 0 | BN40: 0 | BO40: 0 | BP40: 0 | BQ40: 0 | BR40: 0 | BS40: 0 | BT40: 0 | BU40: 0 | BV40: 0 | BW40: 0 | BX40: 0 | BY40: 0 | BZ40: 0 | CA40: 0 | CB40: 0 | CC40: 0 | CD40: 0 | CE40: 0 | CF40: 0 | CG40: 0 | CH40: 0 | CI40: 0 | CJ40: 0 | CK40: 0 | CL40: 0 | CM40: 0 | CN40: 0 | CO40: 0 | CP40: 0 | CQ40: 0 | CR40: 0 | CS40: 1 | CT40: 0 | CU40: 0 | CV40: 0 | CW40: 0 | CX40: 0 | CY40: 1 | DE40: 0 | DF40: 0 | DG40: 0 | DH40: 0 | DI40: 0 | DJ40: 0 | DL40: 0
A41: 巨剑阵 | B41: 999 | C41: 魔 | D41: 否 | E41: 30.53 | F41: 30.53 | G41: 2 | H41: 无 | I41: 30 | J41: 0 | K41: 999 | L41: 0 | M41: 0 | N41: 0 | O41: 1 | P41: 43020 | Q41: 0 | R41: 0 | S41: 0 | T41: 0 | U41: 0 | V41: 0 | W41: 0 | X41: 0 | Y41: 3 | Z41: 0 | AA41: 0 | AB41: 0 | AC41: 0 | AD41: 0 | AE41: 无 | AF41: 无 | AG41: 无 | AH41: 无 | AI41: 无 | AJ41: 无 | AK41: 0 | AL41: 0 | AM41: 0 | AN41: 0 | AO41: 0 | AP41: 0 | AQ41: 0 | AR41: 0 | AS41: 0 | AT41: 0 | AU41: 0 | AV41: 0 | AW41: 430 | AX41: 0 | AY41: 0 | AZ41: 0 | BA41: 0 | BB41: 0 | BC41: 999 | BD41: 0 | BE41: 0 | BF41: 0 | BG41: 0 | BH41: 0 | BI41: 0 | BJ41: 0 | BK41: 0 | BL41: 0 | BM41: 0 | BN41: 0 | BO41: 0 | BP41: 0 | BQ41: 0 | BR41: 0 | BS41: 0 | BT41: 0 | BU41: 0 | BV41: 0 | BW41: 0 | BX41: 0 | BY41: 0 | BZ41: 0 | CA41: 0 | CB41: 0 | CC41: 0 | CD41: 0 | CE41: 0 | CF41: 0 | CG41: 0 | CH41: 0 | CI41: 0 | CJ41: 0 | CK41: 0 | CL41: 0 | CM41: 0 | CN41: 0 | CO41: 0 | CP41: 0 | CQ41: 0 | CR41: 0 | CS41: 10.175 | CT41: 0 | CU41: 0 | CV41: 0 | CW41: 0 | CX41: 0 | CY41: 2 | DE41: 0 | DF41: 0 | DG41: 0 | DH41: 0 | DI41: 0 | DJ41: 0 | DL41: 0
A42: 天降魔力 | B42: 850 | C42: 魔 | D42: 否 | E42: 2.5 | F42: 2.5 | G42: 8 | H42: 无 | I42: 18 | J42: 0 | K42: 850 | L42: 0 | M42: 0 | N42: 0 | O42: 1 | P42: 43702 | Q42: 0 | R42: 0 | S42: 0 | T42: 0 | U42: 0 | V42: 0 | W42: 0 | X42: 0 | Y42: 5 | Z42: 0 | AA42: 0 | AB42: 0 | AC42: 0 | AD42: 0 | AE42: 无 | AF42: 无 | AG42: 无 | AH42: 无 | AI42: 无 | AJ42: 无 | AK42: 0 | AL42: 0 | AM42: 0 | AN42: 0 | AO42: 0 | AP42: 0 | AQ42: 0 | AR42: 0 | AS42: 0 | AT42: 0 | AU42: 0 | AV42: 0 | AW42: 249.4 | AX42: 0 | AY42: 0 | AZ42: 0 | BA42: 0 | BB42: 0 | BC42: 850 | BD42: 0 | BE42: 0 | BF42: 0 | BG42: 0 | BH42: 0 | BI42: 0 | BJ42: 0 | BK42: 0 | BL42: 0 | BM42: 0 | BN42: 0 | BO42: 0 | BP42: 0 | BQ42: 0 | BR42: 0 | BS42: 0 | BT42: 0 | BU42: 0 | BV42: 0 | BW42: 0 | BX42: 0 | BY42: 0 | BZ42: 0 | CA42: 0 | CB42: 0 | CC42: 0 | CD42: 0 | CE42: 0 | CF42: 0 | CG42: 0 | CH42: 0 | CI42: 0 | CJ42: 0 | CK42: 0 | CL42: 0 | CM42: 0 | CN42: 0 | CO42: 0 | CP42: 0 | CQ42: 0 | CR42: 0 | CS42: 0.5 | CT42: 0 | CU42: 0 | CV42: 0 | CW42: 0 | CX42: 0 | CY42: 8 | DE42: 0 | DF42: 0 | DG42: 0 | DH42: 0 | DI42: 0 | DJ42: 0 | DL42: 0
A43: 罗蕾塔的大弓 | B43: 1277 | C43: 魔 | D43: 是 | E43: 12.95 | F43: 12.95 | G43: 3 | H43: 无 | I43: 24 | J43: 0 | K43: 1277 | L43: 0 | M43: 0 | N43: 0 | O43: 1 | P43: 43805 | Q43: 0 | R43: 0 | S43: 0 | T43: 0 | U43: 0 | V43: 0 | W43: 0 | X43: 0 | Y43: 1 | Z43: 0 | AA43: 0 | AB43: 0 | AC43: 0 | AD43: 0 | AE43: 无 | AF43: 无 | AG43: 无 | AH43: 无 | AI43: 无 | AJ43: 无 | AK43: 0 | AL43: 0 | AM43: 0 | AN43: 0 | AO43: 0 | AP43: 0 | AQ43: 0 | AR43: 0 | AS43: 0 | AT43: 0 | AU43: 0 | AV43: 0 | AW43: 1419 | AX43: 0 | AY43: 0 | AZ43: 0 | BA43: 0 | BB43: 0 | BC43: 1277 | BD43: 0 | BE43: 0 | BF43: 0 | BG43: 0 | BH43: 0 | BI43: 0 | BJ43: 0 | BK43: 0 | BL43: 0 | BM43: 0 | BN43: 0 | BO43: 0 | BP43: 0 | BQ43: 0 | BR43: 0 | BS43: 0 | BT43: 0 | BU43: 0 | BV43: 0 | BW43: 0 | BX43: 0 | BY43: 0 | BZ43: 0 | CA43: 0 | CB43: 0 | CC43: 0 | CD43: 0 | CE43: 0 | CF43: 0 | CG43: 0 | CH43: 0 | CI43: 0 | CJ43: 0 | CK43: 0 | CL43: 0 | CM43: 0 | CN43: 0 | CO43: 0 | CP43: 0 | CQ43: 0 | CR43: 0 | CS43: 12.95 | CT43: 0 | CU43: 0 | CV43: 0 | CW43: 0 | CX43: 0 | CY43: 3 | DE43: 0 | DF43: 0 | DG43: 0 | DH43: 0 | DI43: 0 | DJ43: 0 | DL43: 0
A44: 罗蕾塔的绝招 | B44: 1804 | C44: 魔 | D44: 是 | E44: 37 | F44: 37 | G44: 3 | H44: 无 | I44: 39 | J44: 0 | K44: 1804 | L44: 0 | M44: 0 | N44: 0 | O44: 1 | P44: 43815 | Q44: 0 | R44: 0 | S44: 0 | T44: 0 | U44: 0 | V44: 0 | W44: 0 | X44: 0 | Y44: 4 | Z44: 0 | AA44: 0 | AB44: 0 | AC44: 0 | AD44: 0 | AE44: 无 | AF44: 无 | AG44: 无 | AH44: 无 | AI44: 无 | AJ44: 无 | AK44: 0 | AL44: 0 | AM44: 0 | AN44: 0 | AO44: 0 | AP44: 0 | AQ44: 0 | AR44: 0 | AS44: 0 | AT44: 0 | AU44: 0 | AV44: 0 | AW44: 546.1 | AX44: 0 | AY44: 0 | AZ44: 0 | BA44: 0 | BB44: 0 | BC44: 1804 | BD44: 0 | BE44: 0 | BF44: 0 | BG44: 0 | BH44: 0 | BI44: 0 | BJ44: 0 | BK44: 0 | BL44: 0 | BM44: 0 | BN44: 0 | BO44: 0 | BP44: 0 | BQ44: 0 | BR44: 0 | BS44: 0 | BT44: 0 | BU44: 0 | BV44: 0 | BW44: 0 | BX44: 0 | BY44: 0 | BZ44: 0 | CA44: 0 | CB44: 0 | CC44: 0 | CD44: 0 | CE44: 0 | CF44: 0 | CG44: 0 | CH44: 0 | CI44: 0 | CJ44: 0 | CK44: 0 | CL44: 0 | CM44: 0 | CN44: 0 | CO44: 0 | CP44: 0 | CQ44: 0 | CR44: 0 | CS44: 9.25 | CT44: 0 | CU44: 0 | CV44: 0 | CW44: 0 | CX44: 0 | CY44: 3 | DE44: 0 | DF44: 0 | DG44: 0 | DH44: 0 | DI44: 0 | DJ44: 0 | DL44: 0
A45: 蕾娜菈的满月 | B45: 1393 | C45: 魔 | D45: 否 | E45: 13.63 | F45: 13.63 | G45: 3 | H45: 无 | I45: 47 | J45: 0 | K45: 1393 | L45: 0 | M45: 0 | N45: 0 | O45: 1 | P45: 43600 | Q45: 0 | R45: 0 | S45: 0 | T45: 0 | U45: 0 | V45: 0 | W45: 0 | X45: 0 | Y45: 1 | Z45: 0 | AA45: 0 | AB45: 0 | AC45: 0 | AD45: 0 | AE45: 无 | AF45: 无 | AG45: 无 | AH45: 无 | AI45: 无 | AJ45: 无 | AK45: 0 | AL45: 0 | AM45: 0 | AN45: 0 | AO45: 0 | AP45: 0 | AQ45: 0 | AR45: 0 | AS45: 0 | AT45: 0 | AU45: 0 | AV45: 0 | AW45: 1548 | AX45: 0 | AY45: 0 | AZ45: 0 | BA45: 0 | BB45: 0 | BC45: 1393 | BD45: 0 | BE45: 0 | BF45: 0 | BG45: 0 | BH45: 0 | BI45: 0 | BJ45: 0 | BK45: 0 | BL45: 0 | BM45: 0 | BN45: 0 | BO45: 0 | BP45: 0 | BQ45: 0 | BR45: 0 | BS45: 0 | BT45: 0 | BU45: 0 | BV45: 0 | BW45: 0 | BX45: 0 | BY45: 0 | BZ45: 0 | CA45: 0 | CB45: 0 | CC45: 0 | CD45: 0 | CE45: 0 | CF45: 0 | CG45: 0 | CH45: 0 | CI45: 0 | CJ45: 0 | CK45: 0 | CL45: 0 | CM45: 0 | CN45: 0 | CO45: 0 | CP45: 0 | CQ45: 0 | CR45: 0 | CS45: 13.6345 | CT45: 0 | CU45: 0 | CV45: 0 | CW45: 0 | CX45: 0 | CY45: 3 | DE45: 0 | DF45: 0 | DG45: 0 | DH45: 0 | DI45: 0 | DJ45: 0 | DL45: 0
A46: 菈妮的暗月 | B46: 1277 | C46: 魔 | D46: 否 | E46: 13.63 | F46: 13.63 | G46: 3 | H46: 270冰冻值 | I46: 57 | J46: 0 | K46: 1277 | L46: 0 | M46: 0 | N46: 0 | O46: 1 | P46: 43610 | Q46: 0 | R46: 0 | S46: 0 | T46: 0 | U46: 0 | V46: 0 | W46: 0 | X46: 0 | Y46: 1 | Z46: 0 | AA46: 0 | AB46: 0 | AC46: 0 | AD46: 0 | AE46: 无 | AF46: 无 | AG46: 无 | AH46: 无 | AI46: 无 | AJ46: 无 | AK46: 0 | AL46: 0 | AM46: 0 | AN46: 0 | AO46: 0 | AP46: 0 | AQ46: 0 | AR46: 0 | AS46: 0 | AT46: 0 | AU46: 0 | AV46: 0 | AW46: 1419 | AX46: 0 | AY46: 0 | AZ46: 0 | BA46: 0 | BB46: 0 | BC46: 1277 | BD46: 0 | BE46: 0 | BF46: 0 | BG46: 0 | BH46: 0 | BI46: 0 | BJ46: 0 | BK46: 0 | BL46: 0 | BM46: 0 | BN46: 0 | BO46: 0 | BP46: 0 | BQ46: 0 | BR46: 0 | BS46: 0 | BT46: 0 | BU46: 0 | BV46: 0 | BW46: 0 | BX46: 0 | BY46: 0 | BZ46: 0 | CA46: 0 | CB46: 0 | CC46: 0 | CD46: 0 | CE46: 0 | CF46: 0 | CG46: 0 | CH46: 0 | CI46: 0 | CJ46: 0 | CK46: 0 | CL46: 0 | CM46: 0 | CN46: 0 | CO46: 0 | CP46: 0 | CQ46: 0 | CR46: 0 | CS46: 13.6345 | CT46: 0 | CU46: 0 | CV46: 0 | CW46: 0 | CX46: 0 | CY46: 3 | DE46: 270 | DF46: 0 | DG46: 0 | DH46: 0 | DI46: 0 | DJ46: 0 | DK46: 冰冻值 | DL46: 0
A47: 蕾菈娜的双月 | B47: 3870 | C47: 魔 | D47: 否 | E47: 30 | F47: 30 | G47: 3+9 | H47: 无 | I47: 47 | J47: 0 | K47: 3870 | L47: 0 | M47: 0 | N47: 0 | O47: 1 | P47: 210432000 | Q47: 210432002 | R47: 0 | S47: 0 | T47: 0 | U47: 0 | V47: 0 | W47: 0 | X47: 0 | Y47: 2 | Z47: 1 | AA47: 0 | AB47: 0 | AC47: 0 | AD47: 0 | AE47: 无 | AF47: 无 | AG47: 无 | AH47: 无 | AI47: 无 | AJ47: 无 | AK47: 0 | AL47: 0 | AM47: 0 | AN47: 0 | AO47: 0 | AP47: 0 | AQ47: 0 | AR47: 0 | AS47: 0 | AT47: 0 | AU47: 0 | AV47: 0 | AW47: 1290 | AX47: 1720 | AY47: 0 | AZ47: 0 | BA47: 0 | BB47: 0 | BC47: 2322 | BD47: 1548 | BE47: 0 | BF47: 0 | BG47: 0 | BH47: 0 | BI47: 0 | BJ47: 0 | BK47: 0 | BL47: 0 | BM47: 0 | BN47: 0 | BO47: 0 | BP47: 0 | BQ47: 0 | BR47: 0 | BS47: 0 | BT47: 0 | BU47: 0 | BV47: 0 | BW47: 0 | BX47: 0 | BY47: 0 | BZ47: 0 | CA47: 0 | CB47: 0 | CC47: 0 | CD47: 0 | CE47: 0 | CF47: 0 | CG47: 0 | CH47: 0 | CI47: 0 | CJ47: 0 | CK47: 0 | CL47: 0 | CM47: 0 | CN47: 0 | CO47: 0 | CP47: 0 | CQ47: 0 | CR47: 0 | CS47: 10 | CT47: 10 | CU47: 0 | CV47: 0 | CW47: 0 | CX47: 0 | CY47: 3 | CZ47: 9 | DE47: 0 | DF47: 0 | DG47: 0 | DH47: 0 | DI47: 0 | DJ47: 0 | DL47: 0
A48: 卡利亚迅剑 | B48: 686 | C48: 魔 | D48: 否 | E48: 3 | F48: 3 | G48: 1 | H48: 无 | I48: 4 | J48: 0 | K48: 686 | L48: 0 | M48: 0 | N48: 0 | O48: 1 | P48: 44400 | Q48: 0 | R48: 0 | S48: 0 | T48: 0 | U48: 0 | V48: 0 | W48: 0 | X48: 0 | Y48: 1 | Z48: 0 | AA48: 0 | AB48: 0 | AC48: 0 | AD48: 0 | AE48: 无 | AF48: 无 | AG48: 无 | AH48: 无 | AI48: 无 | AJ48: 无 | AK48: 0 | AL48: 0 | AM48: 0 | AN48: 0 | AO48: 0 | AP48: 0 | AQ48: 0 | AR48: 0 | AS48: 0 | AT48: 0 | AU48: 0 | AV48: 0 | AW48: 774 | AX48: 0 | AY48: 0 | AZ48: 0 | BA48: 0 | BB48: 0 | BC48: 686 | BD48: 0 | BE48: 0 | BF48: 0 | BG48: 0 | BH48: 0 | BI48: 0 | BJ48: 0 | BK48: 0 | BL48: 0 | BM48: 0 | BN48: 0 | BO48: 0 | BP48: 0 | BQ48: 0 | BR48: 0 | BS48: 0 | BT48: 0 | BU48: 0 | BV48: 0 | BW48: 0 | BX48: 0 | BY48: 0 | BZ48: 0 | CA48: 0 | CB48: 0 | CC48: 0 | CD48: 0 | CE48: 0 | CF48: 0 | CG48: 0 | CH48: 0 | CI48: 0 | CJ48: 0 | CK48: 0 | CL48: 0 | CM48: 0 | CN48: 0 | CO48: 0 | CP48: 0 | CQ48: 0 | CR48: 0 | CS48: 3 | CT48: 0 | CU48: 0 | CV48: 0 | CW48: 0 | CX48: 0 | CY48: 1 | DE48: 0 | DF48: 0 | DG48: 0 | DH48: 0 | DI48: 0 | DJ48: 0 | DL48: 0
A49: 卡利亚大剑 | B49: 1037 | C49: 魔 | D49: 否 | E49: 10.18 | F49: 10.18 | G49: 3 | H49: 无 | I49: 12 | J49: 0 | K49: 1037 | L49: 0 | M49: 0 | N49: 0 | O49: 1 | P49: 44300 | Q49: 0 | R49: 0 | S49: 0 | T49: 0 | U49: 0 | V49: 0 | W49: 0 | X49: 0 | Y49: 1 | Z49: 0 | AA49: 0 | AB49: 0 | AC49: 0 | AD49: 0 | AE49: 无 | AF49: 无 | AG49: 无 | AH49: 无 | AI49: 无 | AJ49: 无 | AK49: 0 | AL49: 0 | AM49: 0 | AN49: 0 | AO49: 0 | AP49: 0 | AQ49: 0 | AR49: 0 | AS49: 0 | AT49: 0 | AU49: 0 | AV49: 0 | AW49: 1152.4 | AX49: 0 | AY49: 0 | AZ49: 0 | BA49: 0 | BB49: 0 | BC49: 1037 | BD49: 0 | BE49: 0 | BF49: 0 | BG49: 0 | BH49: 0 | BI49: 0 | BJ49: 0 | BK49: 0 | BL49: 0 | BM49: 0 | BN49: 0 | BO49: 0 | BP49: 0 | BQ49: 0 | BR49: 0 | BS49: 0 | BT49: 0 | BU49: 0 | BV49: 0 | BW49: 0 | BX49: 0 | BY49: 0 | BZ49: 0 | CA49: 0 | CB49: 0 | CC49: 0 | CD49: 0 | CE49: 0 | CF49: 0 | CG49: 0 | CH49: 0 | CI49: 0 | CJ49: 0 | CK49: 0 | CL49: 0 | CM49: 0 | CN49: 0 | CO49: 0 | CP49: 0 | CQ49: 0 | CR49: 0 | CS49: 10.175 | CT49: 0 | CU49: 0 | CV49: 0 | CW49: 0 | CX49: 0 | CY49: 3 | DE49: 0 | DF49: 0 | DG49: 0 | DH49: 0 | DI49: 0 | DJ49: 0 | DL49: 0
A50: 卡利亚贯刺 | B50: 1373 | C50: 魔 | D50: 是 | E50: 12.95 | F50: 12.95 | G50: 7 | H50: 无 | I50: 17 | J50: 0 | K50: 1373 | L50: 0 | M50: 0 | N50: 0 | O50: 1 | P50: 44505 | Q50: 0 | R50: 0 | S50: 0 | T50: 0 | U50: 0 | V50: 0 | W50: 0 | X50: 0 | Y50: 1 | Z50: 0 | AA50: 0 | AB50: 0 | AC50: 0 | AD50: 0 | AE50: 无 | AF50: 无 | AG50: 无 | AH50: 无 | AI50: 无 | AJ50: 无 | AK50: 0 | AL50: 0 | AM50: 0 | AN50: 0 | AO50: 0 | AP50: 0 | AQ50: 0 | AR50: 0 | AS50: 0 | AT50: 0 | AU50: 0 | AV50: 0 | AW50: 1526.5 | AX50: 0 | AY50: 0 | AZ50: 0 | BA50: 0 | BB50: 0 | BC50: 1373 | BD50: 0 | BE50: 0 | BF50: 0 | BG50: 0 | BH50: 0 | BI50: 0 | BJ50: 0 | BK50: 0 | BL50: 0 | BM50: 0 | BN50: 0 | BO50: 0 | BP50: 0 | BQ50: 0 | BR50: 0 | BS50: 0 | BT50: 0 | BU50: 0 | BV50: 0 | BW50: 0 | BX50: 0 | BY50: 0 | BZ50: 0 | CA50: 0 | CB50: 0 | CC50: 0 | CD50: 0 | CE50: 0 | CF50: 0 | CG50: 0 | CH50: 0 | CI50: 0 | CJ50: 0 | CK50: 0 | CL50: 0 | CM50: 0 | CN50: 0 | CO50: 0 | CP50: 0 | CQ50: 0 | CR50: 0 | CS50: 12.95 | CT50: 0 | CU50: 0 | CV50: 0 | CW50: 0 | CX50: 0 | CY50: 7 | DE50: 0 | DF50: 0 | DG50: 0 | DH50: 0 | DI50: 0 | DJ50: 0 | DL50: 0
A51: 亚杜拉的月光剑 | B51: 1203 | C51: 魔 | D51: 否 | E51: 12 | F51: 12 | G51: 3+2 | H51: 155冰冻值 | I51: 22 | J51: 0 | K51: 1203 | L51: 0 | M51: 0 | N51: 0 | O51: 1 | P51: 44310 | Q51: 44319 | R51: 0 | S51: 0 | T51: 0 | U51: 0 | V51: 0 | W51: 0 | X51: 0 | Y51: 1 | Z51: 1 | AA51: 0 | AB51: 0 | AC51: 0 | AD51: 0 | AE51: 无 | AF51: 无 | AG51: 无 | AH51: 无 | AI51: 无 | AJ51: 无 | AK51: 0 | AL51: 0 | AM51: 0 | AN51: 0 | AO51: 0 | AP51: 0 | AQ51: 0 | AR51: 0 | AS51: 0 | AT51: 0 | AU51: 0 | AV51: 0 | AW51: 571.9 | AX51: 812.7 | AY51: 0 | AZ51: 0 | BA51: 0 | BB51: 0 | BC51: 478 | BD51: 725 | BE51: 0 | BF51: 0 | BG51: 0 | BH51: 0 | BI51: 0 | BJ51: 0 | BK51: 0 | BL51: 0 | BM51: 0 | BN51: 0 | BO51: 0 | BP51: 0 | BQ51: 0 | BR51: 0 | BS51: 0 | BT51: 0 | BU51: 0 | BV51: 0 | BW51: 0 | BX51: 0 | BY51: 0 | BZ51: 0 | CA51: 0 | CB51: 0 | CC51: 0 | CD51: 0 | CE51: 0 | CF51: 0 | CG51: 0 | CH51: 0 | CI51: 0 | CJ51: 0 | CK51: 0 | CL51: 0 | CM51: 0 | CN51: 0 | CO51: 0 | CP51: 0 | CQ51: 0 | CR51: 0 | CS51: 8.5 | CT51: 3.5 | CU51: 0 | CV51: 0 | CW51: 0 | CX51: 0 | CY51: 3 | CZ51: 2 | DE51: 120 | DF51: 35 | DG51: 0 | DH51: 0 | DI51: 0 | DJ51: 0 | DK51: 冰冻值 | DL51: 0
A52: 奇袭魔砾 | B52: 536 | C52: 魔 | D52: 否 | E52: 3 | F52: 3 | G52: 8 | H52: 无 | I52: 13 | J52: 0 | K52: 536 | L52: 0 | M52: 0 | N52: 0 | O52: 1 | P52: 46000 | Q52: 0 | R52: 0 | S52: 0 | T52: 0 | U52: 0 | V52: 0 | W52: 0 | X52: 0 | Y52: 1 | Z52: 0 | AA52: 0 | AB52: 0 | AC52: 0 | AD52: 0 | AE52: 无 | AF52: 无 | AG52: 无 | AH52: 无 | AI52: 无 | AJ52: 无 | AK52: 0 | AL52: 0 | AM52: 0 | AN52: 0 | AO52: 0 | AP52: 0 | AQ52: 0 | AR52: 0 | AS52: 0 | AT52: 0 | AU52: 0 | AV52: 0 | AW52: 627.8 | AX52: 0 | AY52: 0 | AZ52: 0 | BA52: 0 | BB52: 0 | BC52: 536 | BD52: 0 | BE52: 0 | BF52: 0 | BG52: 0 | BH52: 0 | BI52: 0 | BJ52: 0 | BK52: 0 | BL52: 0 | BM52: 0 | BN52: 0 | BO52: 0 | BP52: 0 | BQ52: 0 | BR52: 0 | BS52: 0 | BT52: 0 | BU52: 0 | BV52: 0 | BW52: 0 | BX52: 0 | BY52: 0 | BZ52: 0 | CA52: 0 | CB52: 0 | CC52: 0 | CD52: 0 | CE52: 0 | CF52: 0 | CG52: 0 | CH52: 0 | CI52: 0 | CJ52: 0 | CK52: 0 | CL52: 0 | CM52: 0 | CN52: 0 | CO52: 0 | CP52: 0 | CQ52: 0 | CR52: 0 | CS52: 3 | CT52: 0 | CU52: 0 | CV52: 0 | CW52: 0 | CX52: 0 | CY52: 8 | DE52: 0 | DF52: 0 | DG52: 0 | DH52: 0 | DI52: 0 | DJ52: 0 | DL52: 0
A53: 黑夜魔砾 | B53: 381 | C53: 魔 | D53: 否 | E53: 2 | F53: 2 | G53: 8 | H53: 无 | I53: 7 | J53: 0 | K53: 381 | L53: 0 | M53: 0 | N53: 0 | O53: 1 | P53: 46100 | Q53: 0 | R53: 0 | S53: 0 | T53: 0 | U53: 0 | V53: 0 | W53: 0 | X53: 0 | Y53: 1 | Z53: 0 | AA53: 0 | AB53: 0 | AC53: 0 | AD53: 0 | AE53: 无 | AF53: 无 | AG53: 无 | AH53: 无 | AI53: 无 | AJ53: 无 | AK53: 0 | AL53: 0 | AM53: 0 | AN53: 0 | AO53: 0 | AP53: 0 | AQ53: 0 | AR53: 0 | AS53: 0 | AT53: 0 | AU53: 0 | AV53: 0 | AW53: 477.3 | AX53: 0 | AY53: 0 | AZ53: 0 | BA53: 0 | BB53: 0 | BC53: 381 | BD53: 0 | BE53: 0 | BF53: 0 | BG53: 0 | BH53: 0 | BI53: 0 | BJ53: 0 | BK53: 0 | BL53: 0 | BM53: 0 | BN53: 0 | BO53: 0 | BP53: 0 | BQ53: 0 | BR53: 0 | BS53: 0 | BT53: 0 | BU53: 0 | BV53: 0 | BW53: 0 | BX53: 0 | BY53: 0 | BZ53: 0 | CA53: 0 | CB53: 0 | CC53: 0 | CD53: 0 | CE53: 0 | CF53: 0 | CG53: 0 | CH53: 0 | CI53: 0 | CJ53: 0 | CK53: 0 | CL53: 0 | CM53: 0 | CN53: 0 | CO53: 0 | CP53: 0 | CQ53: 0 | CR53: 0 | CS53: 2 | CT53: 0 | CU53: 0 | CV53: 0 | CW53: 0 | CX53: 0 | CY53: 8 | DE53: 0 | DF53: 0 | DG53: 0 | DH53: 0 | DI53: 0 | DJ53: 0 | DL53: 0
A54: 黑夜彗星 | B54: 1068 | C54: 魔 | D54: 是 | E54: 10.18 | F54: 10.18 | G54: 1 | H54: 无 | I54: 21 | J54: 0 | K54: 1068 | L54: 0 | M54: 0 | N54: 0 | O54: 1 | P54: 46201 | Q54: 0 | R54: 0 | S54: 0 | T54: 0 | U54: 0 | V54: 0 | W54: 0 | X54: 0 | Y54: 1 | Z54: 0 | AA54: 0 | AB54: 0 | AC54: 0 | AD54: 0 | AE54: 无 | AF54: 无 | AG54: 无 | AH54: 无 | AI54: 无 | AJ54: 无 | AK54: 0 | AL54: 0 | AM54: 0 | AN54: 0 | AO54: 0 | AP54: 0 | AQ54: 0 | AR54: 0 | AS54: 0 | AT54: 0 | AU54: 0 | AV54: 0 | AW54: 1186.8 | AX54: 0 | AY54: 0 | AZ54: 0 | BA54: 0 | BB54: 0 | BC54: 1068 | BD54: 0 | BE54: 0 | BF54: 0 | BG54: 0 | BH54: 0 | BI54: 0 | BJ54: 0 | BK54: 0 | BL54: 0 | BM54: 0 | BN54: 0 | BO54: 0 | BP54: 0 | BQ54: 0 | BR54: 0 | BS54: 0 | BT54: 0 | BU54: 0 | BV54: 0 | BW54: 0 | BX54: 0 | BY54: 0 | BZ54: 0 | CA54: 0 | CB54: 0 | CC54: 0 | CD54: 0 | CE54: 0 | CF54: 0 | CG54: 0 | CH54: 0 | CI54: 0 | CJ54: 0 | CK54: 0 | CL54: 0 | CM54: 0 | CN54: 0 | CO54: 0 | CP54: 0 | CQ54: 0 | CR54: 0 | CS54: 10.175 | CT54: 0 | CU54: 0 | CV54: 0 | CW54: 0 | CX54: 0 | CY54: 1 | DE54: 0 | DF54: 0 | DG54: 0 | DH54: 0 | DI54: 0 | DJ54: 0 | DL54: 0
A55: 熔岩球 | B55: 1567 | C55: 火 | D55: 是 | E55: 9.25 | F55: 9.25 | G55: 3+0 | H55: 无 | I55: 16 | J55: 0 | K55: 0 | L55: 1567 | M55: 0 | N55: 0 | O55: 1 | P55: 48005 | Q55: 48007 | R55: 0 | S55: 0 | T55: 0 | U55: 0 | V55: 0 | W55: 0 | X55: 0 | Y55: 1 | Z55: 4 | AA55: 0 | AB55: 0 | AC55: 0 | AD55: 0 | AE55: 无 | AF55: 无 | AG55: 无 | AH55: 无 | AI55: 无 | AJ55: 无 | AK55: 0 | AL55: 0 | AM55: 0 | AN55: 0 | AO55: 0 | AP55: 0 | AQ55: 0 | AR55: 0 | AS55: 0 | AT55: 0 | AU55: 0 | AV55: 0 | AW55: 0 | AX55: 0 | AY55: 0 | AZ55: 0 | BA55: 0 | BB55: 0 | BC55: 0 | BD55: 0 | BE55: 0 | BF55: 0 | BG55: 0 | BH55: 0 | BI55: 1075 | BJ55: 227.9 | BK55: 0 | BL55: 0 | BM55: 0 | BN55: 0 | BO55: 967 | BP55: 600 | BQ55: 0 | BR55: 0 | BS55: 0 | BT55: 0 | BU55: 0 | BV55: 0 | BW55: 0 | BX55: 0 | BY55: 0 | BZ55: 0 | CA55: 0 | CB55: 0 | CC55: 0 | CD55: 0 | CE55: 0 | CF55: 0 | CG55: 0 | CH55: 0 | CI55: 0 | CJ55: 0 | CK55: 0 | CL55: 0 | CM55: 0 | CN55: 0 | CO55: 0 | CP55: 0 | CQ55: 0 | CR55: 0 | CS55: 9.25 | CT55: 0 | CU55: 0 | CV55: 0 | CW55: 0 | CX55: 0 | CY55: 3 | CZ55: 0 | DE55: 0 | DF55: 0 | DG55: 0 | DH55: 0 | DI55: 0 | DJ55: 0 | DL55: 0
A56: 格密尔之怒 | B56: 4134 | C56: 火 | D56: 是 | E56: 29.1 | F56: 29.1 | G56: 1+2 | H56: 无 | I56: 31 | J56: 0 | K56: 0 | L56: 4134 | M56: 0 | N56: 0 | O56: 1 | P56: 48108 | Q56: 48100 | R56: 0 | S56: 0 | T56: 0 | U56: 0 | V56: 48100 | W56: 0 | X56: 0 | Y56: 1 | Z56: 8 | AA56: 0 | AB56: 0 | AC56: 0 | AD56: 0 | AE56: 无 | AF56: 无 | AG56: 无 | AH56: 无 | AI56: 无 | AJ56: 无 | AK56: 0 | AL56: 0 | AM56: 0 | AN56: 0 | AO56: 0 | AP56: 0 | AQ56: 0 | AR56: 0 | AS56: 0 | AT56: 0 | AU56: 0 | AV56: 0 | AW56: 0 | AX56: 0 | AY56: 0 | AZ56: 0 | BA56: 0 | BB56: 0 | BC56: 0 | BD56: 0 | BE56: 0 | BF56: 0 | BG56: 0 | BH56: 0 | BI56: 688 | BJ56: 537.5 | BK56: 0 | BL56: 0 | BM56: 0 | BN56: 0 | BO56: 598 | BP56: 3536 | BQ56: 0 | BR56: 0 | BS56: 0 | BT56: 0 | BU56: 0 | BV56: 0 | BW56: 0 | BX56: 0 | BY56: 0 | BZ56: 0 | CA56: 0 | CB56: 0 | CC56: 0 | CD56: 0 | CE56: 0 | CF56: 0 | CG56: 0 | CH56: 0 | CI56: 0 | CJ56: 0 | CK56: 0 | CL56: 0 | CM56: 0 | CN56: 0 | CO56: 0 | CP56: 0 | CQ56: 0 | CR56: 0 | CS56: 5.1 | CT56: 3 | CU56: 0 | CV56: 0 | CW56: 0 | CX56: 0 | CY56: 1 | CZ56: 2 | DE56: 0 | DF56: 0 | DG56: 0 | DH56: 0 | DI56: 0 | DJ56: 0 | DL56: 0
A57: 滚烫熔岩（直击） | B57: 1257 | C57: 火 | D57: 是 | E57: 9.25 | F57: 9.25 | G57: 1 | H57: 无 | I57: 28 | J57: 0 | K57: 0 | L57: 1257 | M57: 0 | N57: 0 | O57: 1 | P57: 48210 | Q57: 0 | R57: 0 | S57: 0 | T57: 0 | U57: 0 | V57: 0 | W57: 0 | X57: 0 | Y57: 1 | Z57: 0 | AA57: 0 | AB57: 0 | AC57: 0 | AD57: 0 | AE57: 无 | AF57: 无 | AG57: 无 | AH57: 无 | AI57: 无 | AJ57: 无 | AK57: 0 | AL57: 0 | AM57: 0 | AN57: 0 | AO57: 0 | AP57: 0 | AQ57: 0 | AR57: 0 | AS57: 0 | AT57: 0 | AU57: 0 | AV57: 0 | AW57: 0 | AX57: 0 | AY57: 0 | AZ57: 0 | BA57: 0 | BB57: 0 | BC57: 0 | BD57: 0 | BE57: 0 | BF57: 0 | BG57: 0 | BH57: 0 | BI57: 1397.5 | BJ57: 0 | BK57: 0 | BL57: 0 | BM57: 0 | BN57: 0 | BO57: 1257 | BP57: 0 | BQ57: 0 | BR57: 0 | BS57: 0 | BT57: 0 | BU57: 0 | BV57: 0 | BW57: 0 | BX57: 0 | BY57: 0 | BZ57: 0 | CA57: 0 | CB57: 0 | CC57: 0 | CD57: 0 | CE57: 0 | CF57: 0 | CG57: 0 | CH57: 0 | CI57: 0 | CJ57: 0 | CK57: 0 | CL57: 0 | CM57: 0 | CN57: 0 | CO57: 0 | CP57: 0 | CQ57: 0 | CR57: 0 | CS57: 9.25 | CT57: 0 | CU57: 0 | CV57: 0 | CW57: 0 | CX57: 0 | CY57: 1 | DE57: 0 | DF57: 0 | DG57: 0 | DH57: 0 | DI57: 0 | DJ57: 0 | DL57: 0
A58: 滚烫熔岩（爆炸） | B58: 1554 | C58: 火 | D58: 否 | E58: 10.18 | F58: 10.18 | G58: 3+0 | H58: 无 | I58: 28 | J58: 0 | K58: 0 | L58: 1554 | M58: 0 | N58: 0 | O58: 1 | P58: 48204 | Q58: 48206 | R58: 0 | S58: 0 | T58: 0 | U58: 0 | V58: 0 | W58: 0 | X58: 0 | Y58: 1 | Z58: 3 | AA58: 0 | AB58: 0 | AC58: 0 | AD58: 0 | AE58: 无 | AF58: 无 | AG58: 无 | AH58: 无 | AI58: 无 | AJ58: 无 | AK58: 0 | AL58: 0 | AM58: 0 | AN58: 0 | AO58: 0 | AP58: 0 | AQ58: 0 | AR58: 0 | AS58: 0 | AT58: 0 | AU58: 0 | AV58: 0 | AW58: 0 | AX58: 0 | AY58: 0 | AZ58: 0 | BA58: 0 | BB58: 0 | BC58: 0 | BD58: 0 | BE58: 0 | BF58: 0 | BG58: 0 | BH58: 0 | BI58: 1367.4 | BJ58: 184.9 | BK58: 0 | BL58: 0 | BM58: 0 | BN58: 0 | BO58: 1230 | BP58: 324 | BQ58: 0 | BR58: 0 | BS58: 0 | BT58: 0 | BU58: 0 | BV58: 0 | BW58: 0 | BX58: 0 | BY58: 0 | BZ58: 0 | CA58: 0 | CB58: 0 | CC58: 0 | CD58: 0 | CE58: 0 | CF58: 0 | CG58: 0 | CH58: 0 | CI58: 0 | CJ58: 0 | CK58: 0 | CL58: 0 | CM58: 0 | CN58: 0 | CO58: 0 | CP58: 0 | CQ58: 0 | CR58: 0 | CS58: 10.175 | CT58: 0 | CU58: 0 | CV58: 0 | CW58: 0 | CX58: 0 | CY58: 3 | CZ58: 0 | DE58: 0 | DF58: 0 | DG58: 0 | DH58: 0 | DI58: 0 | DJ58: 0 | DL58: 0
A59: 拉卡德的怨魂 | B59: 554 | C59: 火 | D59: 否 | E59: 5 | F59: 5 | G59: 2 | H59: 无 | I59: 23 | J59: 0 | K59: 0 | L59: 554 | M59: 0 | N59: 0 | O59: 1 | P59: 48300 | Q59: 0 | R59: 0 | S59: 0 | T59: 0 | U59: 0 | V59: 0 | W59: 0 | X59: 0 | Y59: 1 | Z59: 0 | AA59: 0 | AB59: 0 | AC59: 0 | AD59: 0 | AE59: 无 | AF59: 无 | AG59: 无 | AH59: 无 | AI59: 无 | AJ59: 无 | AK59: 0 | AL59: 0 | AM59: 0 | AN59: 0 | AO59: 0 | AP59: 0 | AQ59: 0 | AR59: 0 | AS59: 0 | AT59: 0 | AU59: 0 | AV59: 0 | AW59: 0 | AX59: 0 | AY59: 0 | AZ59: 0 | BA59: 0 | BB59: 0 | BC59: 0 | BD59: 0 | BE59: 0 | BF59: 0 | BG59: 0 | BH59: 0 | BI59: 645 | BJ59: 0 | BK59: 0 | BL59: 0 | BM59: 0 | BN59: 0 | BO59: 554 | BP59: 0 | BQ59: 0 | BR59: 0 | BS59: 0 | BT59: 0 | BU59: 0 | BV59: 0 | BW59: 0 | BX59: 0 | BY59: 0 | BZ59: 0 | CA59: 0 | CB59: 0 | CC59: 0 | CD59: 0 | CE59: 0 | CF59: 0 | CG59: 0 | CH59: 0 | CI59: 0 | CJ59: 0 | CK59: 0 | CL59: 0 | CM59: 0 | CN59: 0 | CO59: 0 | CP59: 0 | CQ59: 0 | CR59: 0 | CS59: 5 | CT59: 0 | CU59: 0 | CV59: 0 | CW59: 0 | CX59: 0 | CY59: 2 | DE59: 0 | DF59: 0 | DG59: 0 | DH59: 0 | DI59: 0 | DJ59: 0 | DL59: 0
A60: 辉石冰块 | B60: 767 | C60: 魔 | D60: 否 | E60: 5.5 | F60: 5.5 | G60: 1 | H60: 100冰冻值 | I60: 12 | J60: 0 | K60: 767 | L60: 0 | M60: 0 | N60: 0 | O60: 1 | P60: 44000 | Q60: 0 | R60: 0 | S60: 0 | T60: 0 | U60: 0 | V60: 0 | W60: 0 | X60: 0 | Y60: 1 | Z60: 0 | AA60: 0 | AB60: 0 | AC60: 0 | AD60: 0 | AE60: 无 | AF60: 无 | AG60: 无 | AH60: 无 | AI60: 无 | AJ60: 无 | AK60: 0 | AL60: 0 | AM60: 0 | AN60: 0 | AO60: 0 | AP60: 0 | AQ60: 0 | AR60: 0 | AS60: 0 | AT60: 0 | AU60: 0 | AV60: 0 | AW60: 855.7 | AX60: 0 | AY60: 0 | AZ60: 0 | BA60: 0 | BB60: 0 | BC60: 767 | BD60: 0 | BE60: 0 | BF60: 0 | BG60: 0 | BH60: 0 | BI60: 0 | BJ60: 0 | BK60: 0 | BL60: 0 | BM60: 0 | BN60: 0 | BO60: 0 | BP60: 0 | BQ60: 0 | BR60: 0 | BS60: 0 | BT60: 0 | BU60: 0 | BV60: 0 | BW60: 0 | BX60: 0 | BY60: 0 | BZ60: 0 | CA60: 0 | CB60: 0 | CC60: 0 | CD60: 0 | CE60: 0 | CF60: 0 | CG60: 0 | CH60: 0 | CI60: 0 | CJ60: 0 | CK60: 0 | CL60: 0 | CM60: 0 | CN60: 0 | CO60: 0 | CP60: 0 | CQ60: 0 | CR60: 0 | CS60: 5.5 | CT60: 0 | CU60: 0 | CV60: 0 | CW60: 0 | CX60: 0 | CY60: 1 | DE60: 100 | DF60: 0 | DG60: 0 | DH60: 0 | DI60: 0 | DJ60: 0 | DK60: 冰冻值 | DL60: 0
A61: 萨米尔冰风暴 | B61: 2326 | C61: 魔 | D61: 是 | E61: 39.78 | F61: 39.78 | G61: 8+8 | H61: 720冰冻值 | I61: 17 | J61: 0 | K61: 2326 | L61: 0 | M61: 0 | N61: 0 | O61: 1 | P61: 44105 | Q61: 44106 | R61: 0 | S61: 0 | T61: 0 | U61: 0 | V61: 0 | W61: 0 | X61: 0 | Y61: 1 | Z61: 8 | AA61: 0 | AB61: 0 | AC61: 0 | AD61: 0 | AE61: 无 | AF61: 无 | AG61: 无 | AH61: 无 | AI61: 无 | AJ61: 无 | AK61: 0 | AL61: 0 | AM61: 0 | AN61: 0 | AO61: 0 | AP61: 0 | AQ61: 0 | AR61: 0 | AS61: 0 | AT61: 0 | AU61: 0 | AV61: 0 | AW61: 447.2 | AX61: 339.7 | AY61: 0 | AZ61: 0 | BA61: 0 | BB61: 0 | BC61: 350 | BD61: 1976 | BE61: 0 | BF61: 0 | BG61: 0 | BH61: 0 | BI61: 0 | BJ61: 0 | BK61: 0 | BL61: 0 | BM61: 0 | BN61: 0 | BO61: 0 | BP61: 0 | BQ61: 0 | BR61: 0 | BS61: 0 | BT61: 0 | BU61: 0 | BV61: 0 | BW61: 0 | BX61: 0 | BY61: 0 | BZ61: 0 | CA61: 0 | CB61: 0 | CC61: 0 | CD61: 0 | CE61: 0 | CF61: 0 | CG61: 0 | CH61: 0 | CI61: 0 | CJ61: 0 | CK61: 0 | CL61: 0 | CM61: 0 | CN61: 0 | CO61: 0 | CP61: 0 | CQ61: 0 | CR61: 0 | CS61: 10.175 | CT61: 3.7 | CU61: 0 | CV61: 0 | CW61: 0 | CX61: 0 | CY61: 8 | CZ61: 8 | DE61: 80 | DF61: 80 | DG61: 0 | DH61: 0 | DI61: 0 | DJ61: 0 | DK61: 冰冻值 | DL61: 0
A62: 爆散结晶 | B62: 1794 | C62: 魔 | D62: 是 | E62: 12.6 | F62: 12.6 | G62: 1 | H62: 无 | I62: 21 | J62: 0 | K62: 1794 | L62: 0 | M62: 0 | N62: 0 | O62: 1 | P62: 45005 | Q62: 0 | R62: 0 | S62: 0 | T62: 0 | U62: 0 | V62: 0 | W62: 0 | X62: 0 | Y62: 3 | Z62: 0 | AA62: 0 | AB62: 0 | AC62: 0 | AD62: 0 | AE62: 无 | AF62: 无 | AG62: 无 | AH62: 无 | AI62: 无 | AJ62: 无 | AK62: 0 | AL62: 0 | AM62: 0 | AN62: 0 | AO62: 0 | AP62: 0 | AQ62: 0 | AR62: 0 | AS62: 0 | AT62: 0 | AU62: 0 | AV62: 0 | AW62: 688 | AX62: 0 | AY62: 0 | AZ62: 0 | BA62: 0 | BB62: 0 | BC62: 1794 | BD62: 0 | BE62: 0 | BF62: 0 | BG62: 0 | BH62: 0 | BI62: 0 | BJ62: 0 | BK62: 0 | BL62: 0 | BM62: 0 | BN62: 0 | BO62: 0 | BP62: 0 | BQ62: 0 | BR62: 0 | BS62: 0 | BT62: 0 | BU62: 0 | BV62: 0 | BW62: 0 | BX62: 0 | BY62: 0 | BZ62: 0 | CA62: 0 | CB62: 0 | CC62: 0 | CD62: 0 | CE62: 0 | CF62: 0 | CG62: 0 | CH62: 0 | CI62: 0 | CJ62: 0 | CK62: 0 | CL62: 0 | CM62: 0 | CN62: 0 | CO62: 0 | CP62: 0 | CQ62: 0 | CR62: 0 | CS62: 4.2 | CT62: 0 | CU62: 0 | CV62: 0 | CW62: 0 | CX62: 0 | CY62: 1 | DE62: 0 | DF62: 0 | DG62: 0 | DH62: 0 | DI62: 0 | DJ62: 0 | DL62: 0
A63: 奔放结晶 | B63: 830 | C63: 魔 | D63: 否 | E63: 2.5 | F63: 2.5 | G63: 8 | H63: 无 | I63: 45 | J63: 0 | K63: 830 | L63: 0 | M63: 0 | N63: 0 | O63: 1 | P63: 45200 | Q63: 0 | R63: 0 | S63: 0 | T63: 0 | U63: 0 | V63: 0 | W63: 0 | X63: 0 | Y63: 5 | Z63: 0 | AA63: 0 | AB63: 0 | AC63: 0 | AD63: 0 | AE63: 无 | AF63: 无 | AG63: 无 | AH63: 无 | AI63: 无 | AJ63: 无 | AK63: 0 | AL63: 0 | AM63: 0 | AN63: 0 | AO63: 0 | AP63: 0 | AQ63: 0 | AR63: 0 | AS63: 0 | AT63: 0 | AU63: 0 | AV63: 0 | AW63: 245.1 | AX63: 0 | AY63: 0 | AZ63: 0 | BA63: 0 | BB63: 0 | BC63: 830 | BD63: 0 | BE63: 0 | BF63: 0 | BG63: 0 | BH63: 0 | BI63: 0 | BJ63: 0 | BK63: 0 | BL63: 0 | BM63: 0 | BN63: 0 | BO63: 0 | BP63: 0 | BQ63: 0 | BR63: 0 | BS63: 0 | BT63: 0 | BU63: 0 | BV63: 0 | BW63: 0 | BX63: 0 | BY63: 0 | BZ63: 0 | CA63: 0 | CB63: 0 | CC63: 0 | CD63: 0 | CE63: 0 | CF63: 0 | CG63: 0 | CH63: 0 | CI63: 0 | CJ63: 0 | CK63: 0 | CL63: 0 | CM63: 0 | CN63: 0 | CO63: 0 | CP63: 0 | CQ63: 0 | CR63: 0 | CS63: 0.5 | CT63: 0 | CU63: 0 | CV63: 0 | CW63: 0 | CX63: 0 | CY63: 8 | DE63: 0 | DF63: 0 | DG63: 0 | DH63: 0 | DI63: 0 | DJ63: 0 | DL63: 0
A64: 飞散结晶 | B64: 4438 | C64: 魔 | D64: 否 | E64: 33.8 | F64: 33.8 | G64: 1+8 | H64: 无 | I64: 34 | J64: 0 | K64: 4438 | L64: 0 | M64: 0 | N64: 0 | O64: 1 | P64: 45101 | Q64: 45100 | R64: 0 | S64: 0 | T64: 0 | U64: 0 | V64: 0 | W64: 0 | X64: 0 | Y64: 1 | Z64: 12 | AA64: 0 | AB64: 0 | AC64: 0 | AD64: 0 | AE64: 无 | AF64: 无 | AG64: 无 | AH64: 无 | AI64: 无 | AJ64: 无 | AK64: 0 | AL64: 0 | AM64: 0 | AN64: 0 | AO64: 0 | AP64: 0 | AQ64: 0 | AR64: 0 | AS64: 0 | AT64: 0 | AU64: 0 | AV64: 0 | AW64: 537.5 | AX64: 430 | AY64: 0 | AZ64: 0 | BA64: 0 | BB64: 0 | BC64: 442 | BD64: 3996 | BE64: 0 | BF64: 0 | BG64: 0 | BH64: 0 | BI64: 0 | BJ64: 0 | BK64: 0 | BL64: 0 | BM64: 0 | BN64: 0 | BO64: 0 | BP64: 0 | BQ64: 0 | BR64: 0 | BS64: 0 | BT64: 0 | BU64: 0 | BV64: 0 | BW64: 0 | BX64: 0 | BY64: 0 | BZ64: 0 | CA64: 0 | CB64: 0 | CC64: 0 | CD64: 0 | CE64: 0 | CF64: 0 | CG64: 0 | CH64: 0 | CI64: 0 | CJ64: 0 | CK64: 0 | CL64: 0 | CM64: 0 | CN64: 0 | CO64: 0 | CP64: 0 | CQ64: 0 | CR64: 0 | CS64: 2.6 | CT64: 2.6 | CU64: 0 | CV64: 0 | CW64: 0 | CX64: 0 | CY64: 1 | CZ64: 8 | DE64: 0 | DF64: 0 | DG64: 0 | DH64: 0 | DI64: 0 | DJ64: 0 | DL64: 0
A65: 重力球 | B65: 686 | C65: 魔 | D65: 是 | E65: 9.25 | F65: 9.25 | G65: 2 | H65: 无 | I65: 12 | J65: 0 | K65: 686 | L65: 0 | M65: 0 | N65: 0 | O65: 1 | P65: 47205 | Q65: 0 | R65: 0 | S65: 0 | T65: 0 | U65: 0 | V65: 0 | W65: 0 | X65: 0 | Y65: 1 | Z65: 0 | AA65: 0 | AB65: 0 | AC65: 0 | AD65: 0 | AE65: 无 | AF65: 无 | AG65: 无 | AH65: 无 | AI65: 无 | AJ65: 无 | AK65: 0 | AL65: 0 | AM65: 0 | AN65: 0 | AO65: 0 | AP65: 0 | AQ65: 0 | AR65: 0 | AS65: 0 | AT65: 0 | AU65: 0 | AV65: 0 | AW65: 774 | AX65: 0 | AY65: 0 | AZ65: 0 | BA65: 0 | BB65: 0 | BC65: 686 | BD65: 0 | BE65: 0 | BF65: 0 | BG65: 0 | BH65: 0 | BI65: 0 | BJ65: 0 | BK65: 0 | BL65: 0 | BM65: 0 | BN65: 0 | BO65: 0 | BP65: 0 | BQ65: 0 | BR65: 0 | BS65: 0 | BT65: 0 | BU65: 0 | BV65: 0 | BW65: 0 | BX65: 0 | BY65: 0 | BZ65: 0 | CA65: 0 | CB65: 0 | CC65: 0 | CD65: 0 | CE65: 0 | CF65: 0 | CG65: 0 | CH65: 0 | CI65: 0 | CJ65: 0 | CK65: 0 | CL65: 0 | CM65: 0 | CN65: 0 | CO65: 0 | CP65: 0 | CQ65: 0 | CR65: 0 | CS65: 9.25 | CT65: 0 | CU65: 0 | CV65: 0 | CW65: 0 | CX65: 0 | CY65: 2 | DE65: 0 | DF65: 0 | DG65: 0 | DH65: 0 | DI65: 0 | DJ65: 0 | DL65: 0
A66: 碎星 | B66: 1197 | C66: 魔 | D66: 是 | E66: 15.3 | F66: 15.3 | G66: 1 | H66: 无 | I66: 18 | J66: 0 | K66: 1197 | L66: 0 | M66: 0 | N66: 0 | O66: 1 | P66: 47215 | Q66: 0 | R66: 0 | S66: 0 | T66: 0 | U66: 0 | V66: 0 | W66: 0 | X66: 0 | Y66: 9 | Z66: 0 | AA66: 0 | AB66: 0 | AC66: 0 | AD66: 0 | AE66: 无 | AF66: 无 | AG66: 无 | AH66: 无 | AI66: 无 | AJ66: 无 | AK66: 0 | AL66: 0 | AM66: 0 | AN66: 0 | AO66: 0 | AP66: 0 | AQ66: 0 | AR66: 0 | AS66: 0 | AT66: 0 | AU66: 0 | AV66: 0 | AW66: 210.7 | AX66: 0 | AY66: 0 | AZ66: 0 | BA66: 0 | BB66: 0 | BC66: 1197 | BD66: 0 | BE66: 0 | BF66: 0 | BG66: 0 | BH66: 0 | BI66: 0 | BJ66: 0 | BK66: 0 | BL66: 0 | BM66: 0 | BN66: 0 | BO66: 0 | BP66: 0 | BQ66: 0 | BR66: 0 | BS66: 0 | BT66: 0 | BU66: 0 | BV66: 0 | BW66: 0 | BX66: 0 | BY66: 0 | BZ66: 0 | CA66: 0 | CB66: 0 | CC66: 0 | CD66: 0 | CE66: 0 | CF66: 0 | CG66: 0 | CH66: 0 | CI66: 0 | CJ66: 0 | CK66: 0 | CL66: 0 | CM66: 0 | CN66: 0 | CO66: 0 | CP66: 0 | CQ66: 0 | CR66: 0 | CS66: 1.7 | CT66: 0 | CU66: 0 | CV66: 0 | CW66: 0 | CX66: 0 | CY66: 1 | DE66: 0 | DF66: 0 | DG66: 0 | DH66: 0 | DI66: 0 | DJ66: 0 | DL66: 0
A67: 引力球 | B67: 1596 | C67: 魔 | D67: 是 | E67: 19 | F67: 19 | G67: 2+4 | H67: 无 | I67: 18 | J67: 0 | K67: 1596 | L67: 0 | M67: 0 | N67: 0 | O67: 1 | P67: 210471051 | Q67: 210471052 | R67: 0 | S67: 0 | T67: 0 | U67: 0 | V67: 0 | W67: 0 | X67: 0 | Y67: 3 | Z67: 1 | AA67: 0 | AB67: 0 | AC67: 0 | AD67: 0 | AE67: 无 | AF67: 无 | AG67: 无 | AH67: 无 | AI67: 无 | AJ67: 无 | AK67: 0 | AL67: 0 | AM67: 0 | AN67: 0 | AO67: 0 | AP67: 0 | AQ67: 0 | AR67: 0 | AS67: 0 | AT67: 0 | AU67: 0 | AV67: 0 | AW67: 172 | AX67: 1453.4 | AY67: 0 | AZ67: 0 | BA67: 0 | BB67: 0 | BC67: 288 | BD67: 1308 | BE67: 0 | BF67: 0 | BG67: 0 | BH67: 0 | BI67: 0 | BJ67: 0 | BK67: 0 | BL67: 0 | BM67: 0 | BN67: 0 | BO67: 0 | BP67: 0 | BQ67: 0 | BR67: 0 | BS67: 0 | BT67: 0 | BU67: 0 | BV67: 0 | BW67: 0 | BX67: 0 | BY67: 0 | BZ67: 0 | CA67: 0 | CB67: 0 | CC67: 0 | CD67: 0 | CE67: 0 | CF67: 0 | CG67: 0 | CH67: 0 | CI67: 0 | CJ67: 0 | CK67: 0 | CL67: 0 | CM67: 0 | CN67: 0 | CO67: 0 | CP67: 0 | CQ67: 0 | CR67: 0 | CS67: 3 | CT67: 10 | CU67: 0 | CV67: 0 | CW67: 0 | CX67: 0 | CY67: 2 | CZ67: 4 | DE67: 0 | DF67: 0 | DG67: 0 | DH67: 0 | DI67: 0 | DJ67: 0 | DL67: 0
A68: 引力球（对地） | B68: 1308 | C68: 魔 | D68: 是 | E68: 10 | F68: 10 | G68: 4 | H68: 无 | I68: 18 | J68: 0 | K68: 1308 | L68: 0 | M68: 0 | N68: 0 | O68: 1 | P68: 210471052 | Q68: 0 | R68: 0 | S68: 0 | T68: 0 | U68: 0 | V68: 0 | W68: 0 | X68: 0 | Y68: 1 | Z68: 0 | AA68: 0 | AB68: 0 | AC68: 0 | AD68: 0 | AE68: 无 | AF68: 无 | AG68: 无 | AH68: 无 | AI68: 无 | AJ68: 无 | AK68: 0 | AL68: 0 | AM68: 0 | AN68: 0 | AO68: 0 | AP68: 0 | AQ68: 0 | AR68: 0 | AS68: 0 | AT68: 0 | AU68: 0 | AV68: 0 | AW68: 1453.4 | AX68: 0 | AY68: 0 | AZ68: 0 | BA68: 0 | BB68: 0 | BC68: 1308 | BD68: 0 | BE68: 0 | BF68: 0 | BG68: 0 | BH68: 0 | BI68: 0 | BJ68: 0 | BK68: 0 | BL68: 0 | BM68: 0 | BN68: 0 | BO68: 0 | BP68: 0 | BQ68: 0 | BR68: 0 | BS68: 0 | BT68: 0 | BU68: 0 | BV68: 0 | BW68: 0 | BX68: 0 | BY68: 0 | BZ68: 0 | CA68: 0 | CB68: 0 | CC68: 0 | CD68: 0 | CE68: 0 | CF68: 0 | CG68: 0 | CH68: 0 | CI68: 0 | CJ68: 0 | CK68: 0 | CL68: 0 | CM68: 0 | CN68: 0 | CO68: 0 | CP68: 0 | CQ68: 0 | CR68: 0 | CS68: 10 | CT68: 0 | CU68: 0 | CV68: 0 | CW68: 0 | CX68: 0 | CY68: 4 | DE68: 0 | DF68: 0 | DG68: 0 | DH68: 0 | DI68: 0 | DJ68: 0 | DL68: 0
A69: 岩石球 | B69: 1026 | C69: 普通 | D69: 否 | E69: 28.5 | F69: 28.5 | G69: 2 | H69: 无 | I69: 18 | J69: 1026 | K69: 0 | L69: 0 | M69: 0 | N69: 0 | O69: 1 | P69: 47100 | Q69: 0 | R69: 0 | S69: 0 | T69: 0 | U69: 0 | V69: 0 | W69: 0 | X69: 0 | Y69: 3 | Z69: 0 | AA69: 0 | AB69: 0 | AC69: 0 | AD69: 0 | AE69: 普通 | AF69: 无 | AG69: 无 | AH69: 无 | AI69: 无 | AJ69: 无 | AK69: 438.6 | AL69: 0 | AM69: 0 | AN69: 0 | AO69: 0 | AP69: 0 | AQ69: 1026 | AR69: 0 | AS69: 0 | AT69: 0 | AU69: 0 | AV69: 0 | AW69: 0 | AX69: 0 | AY69: 0 | AZ69: 0 | BA69: 0 | BB69: 0 | BC69: 0 | BD69: 0 | BE69: 0 | BF69: 0 | BG69: 0 | BH69: 0 | BI69: 0 | BJ69: 0 | BK69: 0 | BL69: 0 | BM69: 0 | BN69: 0 | BO69: 0 | BP69: 0 | BQ69: 0 | BR69: 0 | BS69: 0 | BT69: 0 | BU69: 0 | BV69: 0 | BW69: 0 | BX69: 0 | BY69: 0 | BZ69: 0 | CA69: 0 | CB69: 0 | CC69: 0 | CD69: 0 | CE69: 0 | CF69: 0 | CG69: 0 | CH69: 0 | CI69: 0 | CJ69: 0 | CK69: 0 | CL69: 0 | CM69: 0 | CN69: 0 | CO69: 0 | CP69: 0 | CQ69: 0 | CR69: 0 | CS69: 9.5 | CT69: 0 | CU69: 0 | CV69: 0 | CW69: 0 | CX69: 0 | CY69: 2 | DE69: 0 | DF69: 0 | DG69: 0 | DH69: 0 | DI69: 0 | DJ69: 0 | DL69: 0
A70: 岩块刀刃 | B70: 2584 | C70: 普通 | D70: 是 | E70: 24 | F70: 24 | G70: 1+1 | H70: 无 | I70: 18 | J70: 2584 | K70: 0 | L70: 0 | M70: 0 | N70: 0 | O70: 1 | P70: 210470050 | Q70: 210470051 | R70: 0 | S70: 0 | T70: 0 | U70: 0 | V70: 0 | W70: 0 | X70: 0 | Y70: 1 | Z70: 2 | AA70: 0 | AB70: 0 | AC70: 0 | AD70: 0 | AE70: 普通 | AF70: 普通 | AG70: 无 | AH70: 无 | AI70: 无 | AJ70: 无 | AK70: 1298.6 | AL70: 795.5 | AM70: 0 | AN70: 0 | AO70: 0 | AP70: 0 | AQ70: 1168 | AR70: 1416 | AS70: 0 | AT70: 0 | AU70: 0 | AV70: 0 | AW70: 0 | AX70: 0 | AY70: 0 | AZ70: 0 | BA70: 0 | BB70: 0 | BC70: 0 | BD70: 0 | BE70: 0 | BF70: 0 | BG70: 0 | BH70: 0 | BI70: 0 | BJ70: 0 | BK70: 0 | BL70: 0 | BM70: 0 | BN70: 0 | BO70: 0 | BP70: 0 | BQ70: 0 | BR70: 0 | BS70: 0 | BT70: 0 | BU70: 0 | BV70: 0 | BW70: 0 | BX70: 0 | BY70: 0 | BZ70: 0 | CA70: 0 | CB70: 0 | CC70: 0 | CD70: 0 | CE70: 0 | CF70: 0 | CG70: 0 | CH70: 0 | CI70: 0 | CJ70: 0 | CK70: 0 | CL70: 0 | CM70: 0 | CN70: 0 | CO70: 0 | CP70: 0 | CQ70: 0 | CR70: 0 | CS70: 8 | CT70: 8 | CU70: 0 | CV70: 0 | CW70: 0 | CX70: 0 | CY70: 1 | CZ70: 1 | DE70: 0 | DF70: 0 | DG70: 0 | DH70: 0 | DI70: 0 | DJ70: 0 | DL70: 0
A71: 陨石 | B71: 6114 | C71: 普通+魔 | D71: 是 | E71: 61.05 | F71: 61.05 | G71: 7 | H71: 无 | I71: 180 | J71: 4116 | K71: 1998 | L71: 0 | M71: 0 | N71: 0 | O71: 1 | P71: 47000 | Q71: 0 | R71: 0 | S71: 0 | T71: 0 | U71: 0 | V71: 47000 | W71: 0 | X71: 0 | Y71: 6 | Z71: 0 | AA71: 0 | AB71: 0 | AC71: 0 | AD71: 0 | AE71: 普通 | AF71: 无 | AG71: 无 | AH71: 无 | AI71: 无 | AJ71: 无 | AK71: 774 | AL71: 0 | AM71: 0 | AN71: 0 | AO71: 0 | AP71: 0 | AQ71: 4116 | AR71: 0 | AS71: 0 | AT71: 0 | AU71: 0 | AV71: 0 | AW71: 430 | AX71: 0 | AY71: 0 | AZ71: 0 | BA71: 0 | BB71: 0 | BC71: 1998 | BD71: 0 | BE71: 0 | BF71: 0 | BG71: 0 | BH71: 0 | BI71: 0 | BJ71: 0 | BK71: 0 | BL71: 0 | BM71: 0 | BN71: 0 | BO71: 0 | BP71: 0 | BQ71: 0 | BR71: 0 | BS71: 0 | BT71: 0 | BU71: 0 | BV71: 0 | BW71: 0 | BX71: 0 | BY71: 0 | BZ71: 0 | CA71: 0 | CB71: 0 | CC71: 0 | CD71: 0 | CE71: 0 | CF71: 0 | CG71: 0 | CH71: 0 | CI71: 0 | CJ71: 0 | CK71: 0 | CL71: 0 | CM71: 0 | CN71: 0 | CO71: 0 | CP71: 0 | CQ71: 0 | CR71: 0 | CS71: 10.175 | CT71: 0 | CU71: 0 | CV71: 0 | CW71: 0 | CX71: 0 | CY71: 7 | DE71: 0 | DF71: 0 | DG71: 0 | DH71: 0 | DI71: 0 | DJ71: 0 | DL71: 0
A72: 艾丝缇陨石 | B72: 6378 | C72: 普通+魔 | D72: 是 | E72: 61.05 | F72: 61.05 | G72: 7 | H72: 无 | I72: 360 | J72: 4248 | K72: 2130 | L72: 0 | M72: 0 | N72: 0 | O72: 1 | P72: 47010 | Q72: 0 | R72: 0 | S72: 0 | T72: 0 | U72: 0 | V72: 47010 | W72: 0 | X72: 0 | Y72: 6 | Z72: 0 | AA72: 0 | AB72: 0 | AC72: 0 | AD72: 0 | AE72: 普通 | AF72: 无 | AG72: 无 | AH72: 无 | AI72: 无 | AJ72: 无 | AK72: 795.5 | AL72: 0 | AM72: 0 | AN72: 0 | AO72: 0 | AP72: 0 | AQ72: 4248 | AR72: 0 | AS72: 0 | AT72: 0 | AU72: 0 | AV72: 0 | AW72: 451.5 | AX72: 0 | AY72: 0 | AZ72: 0 | BA72: 0 | BB72: 0 | BC72: 2130 | BD72: 0 | BE72: 0 | BF72: 0 | BG72: 0 | BH72: 0 | BI72: 0 | BJ72: 0 | BK72: 0 | BL72: 0 | BM72: 0 | BN72: 0 | BO72: 0 | BP72: 0 | BQ72: 0 | BR72: 0 | BS72: 0 | BT72: 0 | BU72: 0 | BV72: 0 | BW72: 0 | BX72: 0 | BY72: 0 | BZ72: 0 | CA72: 0 | CB72: 0 | CC72: 0 | CD72: 0 | CE72: 0 | CF72: 0 | CG72: 0 | CH72: 0 | CI72: 0 | CJ72: 0 | CK72: 0 | CL72: 0 | CM72: 0 | CN72: 0 | CO72: 0 | CP72: 0 | CQ72: 0 | CR72: 0 | CS72: 10.175 | CT72: 0 | CU72: 0 | CV72: 0 | CW72: 0 | CX72: 0 | CY72: 7 | DE72: 0 | DF72: 0 | DG72: 0 | DH72: 0 | DI72: 0 | DJ72: 0 | DL72: 0
A73: 辉石指爪 | B73: 1197 | C73: 魔 | D73: 是 | E73: 5 | F73: 5 | G73: 1 | H73: 无 | I73: 10 | J73: 0 | K73: 1197 | L73: 0 | M73: 0 | N73: 0 | O73: 1.15 | P73: 210450050 | Q73: 0 | R73: 0 | S73: 0 | T73: 0 | U73: 0 | V73: 0 | W73: 0 | X73: 0 | Y73: 1 | Z73: 0 | AA73: 0 | AB73: 0 | AC73: 0 | AD73: 0 | AE73: 无 | AF73: 无 | AG73: 无 | AH73: 无 | AI73: 无 | AJ73: 无 | AK73: 0 | AL73: 0 | AM73: 0 | AN73: 0 | AO73: 0 | AP73: 0 | AQ73: 0 | AR73: 0 | AS73: 0 | AT73: 0 | AU73: 0 | AV73: 0 | AW73: 1156.7 | AX73: 0 | AY73: 0 | AZ73: 0 | BA73: 0 | BB73: 0 | BC73: 1041 | BD73: 0 | BE73: 0 | BF73: 0 | BG73: 0 | BH73: 0 | BI73: 0 | BJ73: 0 | BK73: 0 | BL73: 0 | BM73: 0 | BN73: 0 | BO73: 0 | BP73: 0 | BQ73: 0 | BR73: 0 | BS73: 0 | BT73: 0 | BU73: 0 | BV73: 0 | BW73: 0 | BX73: 0 | BY73: 0 | BZ73: 0 | CA73: 0 | CB73: 0 | CC73: 0 | CD73: 0 | CE73: 0 | CF73: 0 | CG73: 0 | CH73: 0 | CI73: 0 | CJ73: 0 | CK73: 0 | CL73: 0 | CM73: 0 | CN73: 0 | CO73: 0 | CP73: 0 | CQ73: 0 | CR73: 0 | CS73: 5 | CT73: 0 | CU73: 0 | CV73: 0 | CW73: 0 | CX73: 0 | CY73: 1 | DE73: 0 | DF73: 0 | DG73: 0 | DH73: 0 | DI73: 0 | DJ73: 0 | DL73: 0
A74: 辉石繁指爪 | B74: 1593 | C74: 魔 | D74: 是 | E74: 24 | F74: 24 | G74: 1 | H74: 无 | I74: 23 | J74: 0 | K74: 1593 | L74: 0 | M74: 0 | N74: 0 | O74: 1.15 | P74: 210451050 | Q74: 0 | R74: 0 | S74: 0 | T74: 0 | U74: 0 | V74: 0 | W74: 0 | X74: 0 | Y74: 6 | Z74: 0 | AA74: 0 | AB74: 0 | AC74: 0 | AD74: 0 | AE74: 无 | AF74: 无 | AG74: 无 | AH74: 无 | AI74: 无 | AJ74: 无 | AK74: 0 | AL74: 0 | AM74: 0 | AN74: 0 | AO74: 0 | AP74: 0 | AQ74: 0 | AR74: 0 | AS74: 0 | AT74: 0 | AU74: 0 | AV74: 0 | AW74: 322.5 | AX74: 0 | AY74: 0 | AZ74: 0 | BA74: 0 | BB74: 0 | BC74: 1386 | BD74: 0 | BE74: 0 | BF74: 0 | BG74: 0 | BH74: 0 | BI74: 0 | BJ74: 0 | BK74: 0 | BL74: 0 | BM74: 0 | BN74: 0 | BO74: 0 | BP74: 0 | BQ74: 0 | BR74: 0 | BS74: 0 | BT74: 0 | BU74: 0 | BV74: 0 | BW74: 0 | BX74: 0 | BY74: 0 | BZ74: 0 | CA74: 0 | CB74: 0 | CC74: 0 | CD74: 0 | CE74: 0 | CF74: 0 | CG74: 0 | CH74: 0 | CI74: 0 | CJ74: 0 | CK74: 0 | CL74: 0 | CM74: 0 | CN74: 0 | CO74: 0 | CP74: 0 | CQ74: 0 | CR74: 0 | CS74: 4 | CT74: 0 | CU74: 0 | CV74: 0 | CW74: 0 | CX74: 0 | CY74: 1 | DE74: 0 | DF74: 0 | DG74: 0 | DH74: 0 | DI74: 0 | DJ74: 0 | DL74: 0
A75: 虚幻小宇宙 | B75: 1892 | C75: 魔 | D75: 是 | E75: 18 | F75: 18 | G75: 3+7 | H75: 无 | I75: 26 | J75: 0 | K75: 1892 | L75: 0 | M75: 0 | N75: 0 | O75: 1.15 | P75: 210741050 | Q75: 210741051 | R75: 0 | S75: 0 | T75: 0 | U75: 0 | V75: 0 | W75: 0 | X75: 0 | Y75: 1 | Z75: 1 | AA75: 0 | AB75: 0 | AC75: 0 | AD75: 0 | AE75: 无 | AF75: 无 | AG75: 无 | AH75: 无 | AI75: 无 | AJ75: 无 | AK75: 0 | AL75: 0 | AM75: 0 | AN75: 0 | AO75: 0 | AP75: 0 | AQ75: 0 | AR75: 0 | AS75: 0 | AT75: 0 | AU75: 0 | AV75: 0 | AW75: 688 | AX75: 1165.3 | AY75: 0 | AZ75: 0 | BA75: 0 | BB75: 0 | BC75: 598 | BD75: 1048 | BE75: 0 | BF75: 0 | BG75: 0 | BH75: 0 | BI75: 0 | BJ75: 0 | BK75: 0 | BL75: 0 | BM75: 0 | BN75: 0 | BO75: 0 | BP75: 0 | BQ75: 0 | BR75: 0 | BS75: 0 | BT75: 0 | BU75: 0 | BV75: 0 | BW75: 0 | BX75: 0 | BY75: 0 | BZ75: 0 | CA75: 0 | CB75: 0 | CC75: 0 | CD75: 0 | CE75: 0 | CF75: 0 | CG75: 0 | CH75: 0 | CI75: 0 | CJ75: 0 | CK75: 0 | CL75: 0 | CM75: 0 | CN75: 0 | CO75: 0 | CP75: 0 | CQ75: 0 | CR75: 0 | CS75: 7 | CT75: 11 | CU75: 0 | CV75: 0 | CW75: 0 | CX75: 0 | CY75: 3 | CZ75: 7 | DE75: 0 | DF75: 0 | DG75: 0 | DH75: 0 | DI75: 0 | DJ75: 0 | DL75: 0
A76: 守护指头 | B76: 1543 | C76: 打击 | D76: 是 | E76: 15 | F76: 15 | G76: 7 | H76: 无 | I76: 20 | J76: 1543 | K76: 0 | L76: 0 | M76: 0 | N76: 0 | O76: 1.15 | P76: 210742050 | Q76: 0 | R76: 0 | S76: 0 | T76: 0 | U76: 0 | V76: 0 | W76: 0 | X76: 0 | Y76: 1 | Z76: 0 | AA76: 0 | AB76: 0 | AC76: 0 | AD76: 0 | AE76: 打击 | AF76: 无 | AG76: 无 | AH76: 无 | AI76: 无 | AJ76: 无 | AK76: 1492.1 | AL76: 0 | AM76: 0 | AN76: 0 | AO76: 0 | AP76: 0 | AQ76: 1342 | AR76: 0 | AS76: 0 | AT76: 0 | AU76: 0 | AV76: 0 | AW76: 0 | AX76: 0 | AY76: 0 | AZ76: 0 | BA76: 0 | BB76: 0 | BC76: 0 | BD76: 0 | BE76: 0 | BF76: 0 | BG76: 0 | BH76: 0 | BI76: 0 | BJ76: 0 | BK76: 0 | BL76: 0 | BM76: 0 | BN76: 0 | BO76: 0 | BP76: 0 | BQ76: 0 | BR76: 0 | BS76: 0 | BT76: 0 | BU76: 0 | BV76: 0 | BW76: 0 | BX76: 0 | BY76: 0 | BZ76: 0 | CA76: 0 | CB76: 0 | CC76: 0 | CD76: 0 | CE76: 0 | CF76: 0 | CG76: 0 | CH76: 0 | CI76: 0 | CJ76: 0 | CK76: 0 | CL76: 0 | CM76: 0 | CN76: 0 | CO76: 0 | CP76: 0 | CQ76: 0 | CR76: 0 | CS76: 15 | CT76: 0 | CU76: 0 | CV76: 0 | CW76: 0 | CX76: 0 | CY76: 7 | DE76: 0 | DF76: 0 | DG76: 0 | DH76: 0 | DI76: 0 | DJ76: 0 | DL76: 0
A77: 神谕泡泡 | B77: 1755 | C77: 魔 | D77: 是 | E77: 31.5 | F77: 31.5 | G77: 1 | H77: 无 | I77: 12 | J77: 0 | K77: 1755 | L77: 0 | M77: 0 | N77: 0 | O77: 1 | P77: 51005 | Q77: 0 | R77: 0 | S77: 0 | T77: 0 | U77: 0 | V77: 0 | W77: 0 | X77: 0 | Y77: 9 | Z77: 0 | AA77: 0 | AB77: 0 | AC77: 0 | AD77: 0 | AE77: 无 | AF77: 无 | AG77: 无 | AH77: 无 | AI77: 无 | AJ77: 无 | AK77: 0 | AL77: 0 | AM77: 0 | AN77: 0 | AO77: 0 | AP77: 0 | AQ77: 0 | AR77: 0 | AS77: 0 | AT77: 0 | AU77: 0 | AV77: 0 | AW77: 279.5 | AX77: 0 | AY77: 0 | AZ77: 0 | BA77: 0 | BB77: 0 | BC77: 1755 | BD77: 0 | BE77: 0 | BF77: 0 | BG77: 0 | BH77: 0 | BI77: 0 | BJ77: 0 | BK77: 0 | BL77: 0 | BM77: 0 | BN77: 0 | BO77: 0 | BP77: 0 | BQ77: 0 | BR77: 0 | BS77: 0 | BT77: 0 | BU77: 0 | BV77: 0 | BW77: 0 | BX77: 0 | BY77: 0 | BZ77: 0 | CA77: 0 | CB77: 0 | CC77: 0 | CD77: 0 | CE77: 0 | CF77: 0 | CG77: 0 | CH77: 0 | CI77: 0 | CJ77: 0 | CK77: 0 | CL77: 0 | CM77: 0 | CN77: 0 | CO77: 0 | CP77: 0 | CQ77: 0 | CR77: 0 | CS77: 3.5 | CT77: 0 | CU77: 0 | CV77: 0 | CW77: 0 | CX77: 0 | CY77: 1 | DE77: 0 | DF77: 0 | DG77: 0 | DH77: 0 | DI77: 0 | DJ77: 0 | DL77: 0
A78: 神谕大泡泡 | B78: 1373 | C78: 魔 | D78: 是 | E78: 20 | F78: 20 | G78: 3 | H78: 无 | I78: 16 | J78: 0 | K78: 1373 | L78: 0 | M78: 0 | N78: 0 | O78: 1 | P78: 51015 | Q78: 0 | R78: 0 | S78: 0 | T78: 0 | U78: 0 | V78: 0 | W78: 0 | X78: 0 | Y78: 1 | Z78: 0 | AA78: 0 | AB78: 0 | AC78: 0 | AD78: 0 | AE78: 无 | AF78: 无 | AG78: 无 | AH78: 无 | AI78: 无 | AJ78: 无 | AK78: 0 | AL78: 0 | AM78: 0 | AN78: 0 | AO78: 0 | AP78: 0 | AQ78: 0 | AR78: 0 | AS78: 0 | AT78: 0 | AU78: 0 | AV78: 0 | AW78: 1526.5 | AX78: 0 | AY78: 0 | AZ78: 0 | BA78: 0 | BB78: 0 | BC78: 1373 | BD78: 0 | BE78: 0 | BF78: 0 | BG78: 0 | BH78: 0 | BI78: 0 | BJ78: 0 | BK78: 0 | BL78: 0 | BM78: 0 | BN78: 0 | BO78: 0 | BP78: 0 | BQ78: 0 | BR78: 0 | BS78: 0 | BT78: 0 | BU78: 0 | BV78: 0 | BW78: 0 | BX78: 0 | BY78: 0 | BZ78: 0 | CA78: 0 | CB78: 0 | CC78: 0 | CD78: 0 | CE78: 0 | CF78: 0 | CG78: 0 | CH78: 0 | CI78: 0 | CJ78: 0 | CK78: 0 | CL78: 0 | CM78: 0 | CN78: 0 | CO78: 0 | CP78: 0 | CQ78: 0 | CR78: 0 | CS78: 20 | CT78: 0 | CU78: 0 | CV78: 0 | CW78: 0 | CX78: 0 | CY78: 3 | DE78: 0 | DF78: 0 | DG78: 0 | DH78: 0 | DI78: 0 | DJ78: 0 | DL78: 0
A79: 罪恶荆棘（一段） | B79: 771 | C79: 魔 | D79: 否 | E79: 7 | F79: 7 | G79: 2 | H79: 251出血值 | I79: 6 | J79: 0 | K79: 771 | L79: 0 | M79: 0 | N79: 0 | O79: 1 | P79: 49000 | Q79: 0 | R79: 0 | S79: 0 | T79: 0 | U79: 0 | V79: 0 | W79: 0 | X79: 0 | Y79: 1 | Z79: 0 | AA79: 0 | AB79: 0 | AC79: 0 | AD79: 0 | AE79: 无 | AF79: 无 | AG79: 无 | AH79: 无 | AI79: 无 | AJ79: 无 | AK79: 0 | AL79: 0 | AM79: 0 | AN79: 0 | AO79: 0 | AP79: 0 | AQ79: 0 | AR79: 0 | AS79: 0 | AT79: 0 | AU79: 0 | AV79: 0 | AW79: 860 | AX79: 0 | AY79: 0 | AZ79: 0 | BA79: 0 | BB79: 0 | BC79: 771 | BD79: 0 | BE79: 0 | BF79: 0 | BG79: 0 | BH79: 0 | BI79: 0 | BJ79: 0 | BK79: 0 | BL79: 0 | BM79: 0 | BN79: 0 | BO79: 0 | BP79: 0 | BQ79: 0 | BR79: 0 | BS79: 0 | BT79: 0 | BU79: 0 | BV79: 0 | BW79: 0 | BX79: 0 | BY79: 0 | BZ79: 0 | CA79: 0 | CB79: 0 | CC79: 0 | CD79: 0 | CE79: 0 | CF79: 0 | CG79: 0 | CH79: 0 | CI79: 0 | CJ79: 0 | CK79: 0 | CL79: 0 | CM79: 0 | CN79: 0 | CO79: 0 | CP79: 0 | CQ79: 0 | CR79: 0 | CS79: 7 | CT79: 0 | CU79: 0 | CV79: 0 | CW79: 0 | CX79: 0 | CY79: 2 | DE79: 95 | DF79: 0 | DG79: 0 | DH79: 0 | DI79: 0 | DJ79: 0 | DK79: 出血值 | DL79: 0
A80: 罪恶荆棘（二段） | B80: 897 | C80: 魔 | D80: 否 | E80: 7.5 | F80: 7.5 | G80: 2 | H80: 251出血值 | I80: 6 | J80: 0 | K80: 897 | L80: 0 | M80: 0 | N80: 0 | O80: 1 | P80: 49001 | Q80: 0 | R80: 0 | S80: 0 | T80: 0 | U80: 0 | V80: 0 | W80: 0 | X80: 0 | Y80: 1 | Z80: 0 | AA80: 0 | AB80: 0 | AC80: 0 | AD80: 0 | AE80: 无 | AF80: 无 | AG80: 无 | AH80: 无 | AI80: 无 | AJ80: 无 | AK80: 0 | AL80: 0 | AM80: 0 | AN80: 0 | AO80: 0 | AP80: 0 | AQ80: 0 | AR80: 0 | AS80: 0 | AT80: 0 | AU80: 0 | AV80: 0 | AW80: 997.6 | AX80: 0 | AY80: 0 | AZ80: 0 | BA80: 0 | BB80: 0 | BC80: 897 | BD80: 0 | BE80: 0 | BF80: 0 | BG80: 0 | BH80: 0 | BI80: 0 | BJ80: 0 | BK80: 0 | BL80: 0 | BM80: 0 | BN80: 0 | BO80: 0 | BP80: 0 | BQ80: 0 | BR80: 0 | BS80: 0 | BT80: 0 | BU80: 0 | BV80: 0 | BW80: 0 | BX80: 0 | BY80: 0 | BZ80: 0 | CA80: 0 | CB80: 0 | CC80: 0 | CD80: 0 | CE80: 0 | CF80: 0 | CG80: 0 | CH80: 0 | CI80: 0 | CJ80: 0 | CK80: 0 | CL80: 0 | CM80: 0 | CN80: 0 | CO80: 0 | CP80: 0 | CQ80: 0 | CR80: 0 | CS80: 7.5 | CT80: 0 | CU80: 0 | CV80: 0 | CW80: 0 | CX80: 0 | CY80: 2 | DE80: 95 | DF80: 0 | DG80: 0 | DH80: 0 | DI80: 0 | DJ80: 0 | DK80: 出血值 | DL80: 0
A81: 罪恶荆棘（三段） | B81: 901 | C81: 魔 | D81: 否 | E81: 8 | F81: 8 | G81: 2 | H81: 251出血值 | I81: 6 | J81: 0 | K81: 901 | L81: 0 | M81: 0 | N81: 0 | O81: 1 | P81: 49002 | Q81: 0 | R81: 0 | S81: 0 | T81: 0 | U81: 0 | V81: 0 | W81: 0 | X81: 0 | Y81: 1 | Z81: 0 | AA81: 0 | AB81: 0 | AC81: 0 | AD81: 0 | AE81: 无 | AF81: 无 | AG81: 无 | AH81: 无 | AI81: 无 | AJ81: 无 | AK81: 0 | AL81: 0 | AM81: 0 | AN81: 0 | AO81: 0 | AP81: 0 | AQ81: 0 | AR81: 0 | AS81: 0 | AT81: 0 | AU81: 0 | AV81: 0 | AW81: 1001.9 | AX81: 0 | AY81: 0 | AZ81: 0 | BA81: 0 | BB81: 0 | BC81: 901 | BD81: 0 | BE81: 0 | BF81: 0 | BG81: 0 | BH81: 0 | BI81: 0 | BJ81: 0 | BK81: 0 | BL81: 0 | BM81: 0 | BN81: 0 | BO81: 0 | BP81: 0 | BQ81: 0 | BR81: 0 | BS81: 0 | BT81: 0 | BU81: 0 | BV81: 0 | BW81: 0 | BX81: 0 | BY81: 0 | BZ81: 0 | CA81: 0 | CB81: 0 | CC81: 0 | CD81: 0 | CE81: 0 | CF81: 0 | CG81: 0 | CH81: 0 | CI81: 0 | CJ81: 0 | CK81: 0 | CL81: 0 | CM81: 0 | CN81: 0 | CO81: 0 | CP81: 0 | CQ81: 0 | CR81: 0 | CS81: 8 | CT81: 0 | CU81: 0 | CV81: 0 | CW81: 0 | CX81: 0 | CY81: 2 | DE81: 95 | DF81: 0 | DG81: 0 | DH81: 0 | DI81: 0 | DJ81: 0 | DK81: 出血值 | DL81: 0
A82: 责罚荆棘 | B82: 820 | C82: 魔 | D82: 否 | E82: 7 | F82: 7 | G82: 2 | H82: 190出血值 | I82: 9 | J82: 0 | K82: 820 | L82: 0 | M82: 0 | N82: 0 | O82: 1 | P82: 49100 | Q82: 0 | R82: 0 | S82: 0 | T82: 0 | U82: 0 | V82: 0 | W82: 0 | X82: 0 | Y82: 1 | Z82: 0 | AA82: 0 | AB82: 0 | AC82: 0 | AD82: 0 | AE82: 无 | AF82: 无 | AG82: 无 | AH82: 无 | AI82: 无 | AJ82: 无 | AK82: 0 | AL82: 0 | AM82: 0 | AN82: 0 | AO82: 0 | AP82: 0 | AQ82: 0 | AR82: 0 | AS82: 0 | AT82: 0 | AU82: 0 | AV82: 0 | AW82: 911.6 | AX82: 0 | AY82: 0 | AZ82: 0 | BA82: 0 | BB82: 0 | BC82: 820 | BD82: 0 | BE82: 0 | BF82: 0 | BG82: 0 | BH82: 0 | BI82: 0 | BJ82: 0 | BK82: 0 | BL82: 0 | BM82: 0 | BN82: 0 | BO82: 0 | BP82: 0 | BQ82: 0 | BR82: 0 | BS82: 0 | BT82: 0 | BU82: 0 | BV82: 0 | BW82: 0 | BX82: 0 | BY82: 0 | BZ82: 0 | CA82: 0 | CB82: 0 | CC82: 0 | CD82: 0 | CE82: 0 | CF82: 0 | CG82: 0 | CH82: 0 | CI82: 0 | CJ82: 0 | CK82: 0 | CL82: 0 | CM82: 0 | CN82: 0 | CO82: 0 | CP82: 0 | CQ82: 0 | CR82: 0 | CS82: 7 | CT82: 0 | CU82: 0 | CV82: 0 | CW82: 0 | CX82: 0 | CY82: 2 | DE82: 72 | DF82: 0 | DG82: 0 | DH82: 0 | DI82: 0 | DJ82: 0 | DK82: 出血值 | DL82: 0
A83: 拒绝的刺 | B83: 1128 | C83: 魔 | D83: 否 | E83: 10.02 | F83: 10.02 | G83: 2 | H83: 270出血值 | I83: 15 | J83: 0 | K83: 1128 | L83: 0 | M83: 0 | N83: 0 | O83: 1 | P83: 210491000 | Q83: 0 | R83: 0 | S83: 0 | T83: 0 | U83: 0 | V83: 0 | W83: 0 | X83: 0 | Y83: 6 | Z83: 0 | AA83: 0 | AB83: 0 | AC83: 0 | AD83: 0 | AE83: 无 | AF83: 无 | AG83: 无 | AH83: 无 | AI83: 无 | AJ83: 无 | AK83: 0 | AL83: 0 | AM83: 0 | AN83: 0 | AO83: 0 | AP83: 0 | AQ83: 0 | AR83: 0 | AS83: 0 | AT83: 0 | AU83: 0 | AV83: 0 | AW83: 270.9 | AX83: 0 | AY83: 0 | AZ83: 0 | BA83: 0 | BB83: 0 | BC83: 1128 | BD83: 0 | BE83: 0 | BF83: 0 | BG83: 0 | BH83: 0 | BI83: 0 | BJ83: 0 | BK83: 0 | BL83: 0 | BM83: 0 | BN83: 0 | BO83: 0 | BP83: 0 | BQ83: 0 | BR83: 0 | BS83: 0 | BT83: 0 | BU83: 0 | BV83: 0 | BW83: 0 | BX83: 0 | BY83: 0 | BZ83: 0 | CA83: 0 | CB83: 0 | CC83: 0 | CD83: 0 | CE83: 0 | CF83: 0 | CG83: 0 | CH83: 0 | CI83: 0 | CJ83: 0 | CK83: 0 | CL83: 0 | CM83: 0 | CN83: 0 | CO83: 0 | CP83: 0 | CQ83: 0 | CR83: 0 | CS83: 1.67 | CT83: 0 | CU83: 0 | CV83: 0 | CW83: 0 | CX83: 0 | CY83: 2 | DE83: 17 | DF83: 0 | DG83: 0 | DH83: 0 | DI83: 0 | DJ83: 0 | DK83: 出血值 | DL83: 0
A84: 召唤怨魂 | B84: 996 | C84: 魔 | D84: 是 | E84: 9 | F84: 9 | G84: 1 | H84: 无 | I84: 12 | J84: 0 | K84: 996 | L84: 0 | M84: 0 | N84: 0 | O84: 1 | P84: 50005 | Q84: 0 | R84: 0 | S84: 0 | T84: 0 | U84: 0 | V84: 0 | W84: 0 | X84: 0 | Y84: 6 | Z84: 0 | AA84: 0 | AB84: 0 | AC84: 0 | AD84: 0 | AE84: 无 | AF84: 无 | AG84: 无 | AH84: 无 | AI84: 无 | AJ84: 无 | AK84: 0 | AL84: 0 | AM84: 0 | AN84: 0 | AO84: 0 | AP84: 0 | AQ84: 0 | AR84: 0 | AS84: 0 | AT84: 0 | AU84: 0 | AV84: 0 | AW84: 245.1 | AX84: 0 | AY84: 0 | AZ84: 0 | BA84: 0 | BB84: 0 | BC84: 996 | BD84: 0 | BE84: 0 | BF84: 0 | BG84: 0 | BH84: 0 | BI84: 0 | BJ84: 0 | BK84: 0 | BL84: 0 | BM84: 0 | BN84: 0 | BO84: 0 | BP84: 0 | BQ84: 0 | BR84: 0 | BS84: 0 | BT84: 0 | BU84: 0 | BV84: 0 | BW84: 0 | BX84: 0 | BY84: 0 | BZ84: 0 | CA84: 0 | CB84: 0 | CC84: 0 | CD84: 0 | CE84: 0 | CF84: 0 | CG84: 0 | CH84: 0 | CI84: 0 | CJ84: 0 | CK84: 0 | CL84: 0 | CM84: 0 | CN84: 0 | CO84: 0 | CP84: 0 | CQ84: 0 | CR84: 0 | CS84: 1.5 | CT84: 0 | CU84: 0 | CV84: 0 | CW84: 0 | CX84: 0 | CY84: 1 | DE84: 0 | DF84: 0 | DG84: 0 | DH84: 0 | DI84: 0 | DJ84: 0 | DL84: 0
A85: 古老死亡怨魂 | B85: 1314 | C85: 魔 | D85: 是 | E85: 18 | F85: 18 | G85: 3 | H85: 无 | I85: 21 | J85: 0 | K85: 1314 | L85: 0 | M85: 0 | N85: 0 | O85: 1 | P85: 50015 | Q85: 0 | R85: 0 | S85: 0 | T85: 0 | U85: 0 | V85: 0 | W85: 0 | X85: 0 | Y85: 9 | Z85: 0 | AA85: 0 | AB85: 0 | AC85: 0 | AD85: 0 | AE85: 无 | AF85: 无 | AG85: 无 | AH85: 无 | AI85: 无 | AJ85: 无 | AK85: 0 | AL85: 0 | AM85: 0 | AN85: 0 | AO85: 0 | AP85: 0 | AQ85: 0 | AR85: 0 | AS85: 0 | AT85: 0 | AU85: 0 | AV85: 0 | AW85: 223.6 | AX85: 0 | AY85: 0 | AZ85: 0 | BA85: 0 | BB85: 0 | BC85: 1314 | BD85: 0 | BE85: 0 | BF85: 0 | BG85: 0 | BH85: 0 | BI85: 0 | BJ85: 0 | BK85: 0 | BL85: 0 | BM85: 0 | BN85: 0 | BO85: 0 | BP85: 0 | BQ85: 0 | BR85: 0 | BS85: 0 | BT85: 0 | BU85: 0 | BV85: 0 | BW85: 0 | BX85: 0 | BY85: 0 | BZ85: 0 | CA85: 0 | CB85: 0 | CC85: 0 | CD85: 0 | CE85: 0 | CF85: 0 | CG85: 0 | CH85: 0 | CI85: 0 | CJ85: 0 | CK85: 0 | CL85: 0 | CM85: 0 | CN85: 0 | CO85: 0 | CP85: 0 | CQ85: 0 | CR85: 0 | CS85: 2 | CT85: 0 | CU85: 0 | CV85: 0 | CW85: 0 | CX85: 0 | CY85: 3 | DE85: 0 | DF85: 0 | DG85: 0 | DH85: 0 | DI85: 0 | DJ85: 0 | DL85: 0
A86: 灵魂光环 | B86: 1128 | C86: 魔 | D86: 是 | E86: 9 | F86: 9 | G86: 0 | H86: 138冰冻值 | I86: 14 | J86: 0 | K86: 1128 | L86: 0 | M86: 0 | N86: 0 | O86: 1 | P86: 210500050 | Q86: 0 | R86: 0 | S86: 0 | T86: 0 | U86: 0 | V86: 0 | W86: 0 | X86: 0 | Y86: 6 | Z86: 0 | AA86: 0 | AB86: 0 | AC86: 0 | AD86: 0 | AE86: 无 | AF86: 无 | AG86: 无 | AH86: 无 | AI86: 无 | AJ86: 无 | AK86: 0 | AL86: 0 | AM86: 0 | AN86: 0 | AO86: 0 | AP86: 0 | AQ86: 0 | AR86: 0 | AS86: 0 | AT86: 0 | AU86: 0 | AV86: 0 | AW86: 270.9 | AX86: 0 | AY86: 0 | AZ86: 0 | BA86: 0 | BB86: 0 | BC86: 1128 | BD86: 0 | BE86: 0 | BF86: 0 | BG86: 0 | BH86: 0 | BI86: 0 | BJ86: 0 | BK86: 0 | BL86: 0 | BM86: 0 | BN86: 0 | BO86: 0 | BP86: 0 | BQ86: 0 | BR86: 0 | BS86: 0 | BT86: 0 | BU86: 0 | BV86: 0 | BW86: 0 | BX86: 0 | BY86: 0 | BZ86: 0 | CA86: 0 | CB86: 0 | CC86: 0 | CD86: 0 | CE86: 0 | CF86: 0 | CG86: 0 | CH86: 0 | CI86: 0 | CJ86: 0 | CK86: 0 | CL86: 0 | CM86: 0 | CN86: 0 | CO86: 0 | CP86: 0 | CQ86: 0 | CR86: 0 | CS86: 1.5 | CT86: 0 | CU86: 0 | CV86: 0 | CW86: 0 | CX86: 0 | CY86: 0 | DE86: 23 | DF86: 0 | DG86: 0 | DH86: 0 | DI86: 0 | DJ86: 0 | DK86: 冰冻值 | DL86: 0
A87: 迸发灵火 | B87: 2623 | C87: 魔 | D87: 否 | E87: 24.11 | F87: 24.11 | G87: 7+0 | H87: 434冰冻值 | I87: 29 | J87: 0 | K87: 2623 | L87: 0 | M87: 0 | N87: 0 | O87: 1 | P87: 50100 | Q87: 50101 | R87: 0 | S87: 0 | T87: 0 | U87: 0 | V87: 0 | W87: 0 | X87: 0 | Y87: 1 | Z87: 8 | AA87: 0 | AB87: 0 | AC87: 0 | AD87: 0 | AE87: 无 | AF87: 无 | AG87: 无 | AH87: 无 | AI87: 无 | AJ87: 无 | AK87: 0 | AL87: 0 | AM87: 0 | AN87: 0 | AO87: 0 | AP87: 0 | AQ87: 0 | AR87: 0 | AS87: 0 | AT87: 0 | AU87: 0 | AV87: 0 | AW87: 1341.6 | AX87: 258 | AY87: 0 | AZ87: 0 | BA87: 0 | BB87: 0 | BC87: 1207 | BD87: 1416 | BE87: 0 | BF87: 0 | BG87: 0 | BH87: 0 | BI87: 0 | BJ87: 0 | BK87: 0 | BL87: 0 | BM87: 0 | BN87: 0 | BO87: 0 | BP87: 0 | BQ87: 0 | BR87: 0 | BS87: 0 | BT87: 0 | BU87: 0 | BV87: 0 | BW87: 0 | BX87: 0 | BY87: 0 | BZ87: 0 | CA87: 0 | CB87: 0 | CC87: 0 | CD87: 0 | CE87: 0 | CF87: 0 | CG87: 0 | CH87: 0 | CI87: 0 | CJ87: 0 | CK87: 0 | CL87: 0 | CM87: 0 | CN87: 0 | CO87: 0 | CP87: 0 | CQ87: 0 | CR87: 0 | CS87: 16.1135 | CT87: 1 | CU87: 0 | CV87: 0 | CW87: 0 | CX87: 0 | CY87: 7 | CZ87: 0 | DE87: 130 | DF87: 38 | DG87: 0 | DH87: 0 | DI87: 0 | DJ87: 0 | DK87: 冰冻值 | DL87: 0
A88: 提比亚的唤声 | B88: 1326 | C88: 魔 | D88: 否 | E88: 15 | F88: 15 | G88: 2 | H88: 无 | I88: 17 | J88: 0 | K88: 1326 | L88: 0 | M88: 0 | N88: 0 | O88: 1 | P88: 50300 | Q88: 0 | R88: 0 | S88: 0 | T88: 0 | U88: 0 | V88: 0 | W88: 0 | X88: 0 | Y88: 3 | Z88: 0 | AA88: 0 | AB88: 0 | AC88: 0 | AD88: 0 | AE88: 无 | AF88: 无 | AG88: 无 | AH88: 无 | AI88: 无 | AJ88: 无 | AK88: 0 | AL88: 0 | AM88: 0 | AN88: 0 | AO88: 0 | AP88: 0 | AQ88: 0 | AR88: 0 | AS88: 0 | AT88: 0 | AU88: 0 | AV88: 0 | AW88: 537.5 | AX88: 0 | AY88: 0 | AZ88: 0 | BA88: 0 | BB88: 0 | BC88: 1326 | BD88: 0 | BE88: 0 | BF88: 0 | BG88: 0 | BH88: 0 | BI88: 0 | BJ88: 0 | BK88: 0 | BL88: 0 | BM88: 0 | BN88: 0 | BO88: 0 | BP88: 0 | BQ88: 0 | BR88: 0 | BS88: 0 | BT88: 0 | BU88: 0 | BV88: 0 | BW88: 0 | BX88: 0 | BY88: 0 | BZ88: 0 | CA88: 0 | CB88: 0 | CC88: 0 | CD88: 0 | CE88: 0 | CF88: 0 | CG88: 0 | CH88: 0 | CI88: 0 | CJ88: 0 | CK88: 0 | CL88: 0 | CM88: 0 | CN88: 0 | CO88: 0 | CP88: 0 | CQ88: 0 | CR88: 0 | CS88: 5 | CT88: 0 | CU88: 0 | CV88: 0 | CW88: 0 | CX88: 0 | CY88: 2 | DE88: 0 | DF88: 0 | DG88: 0 | DH88: 0 | DI88: 0 | DJ88: 0 | DL88: 0
A89: 融泥块 | B89: 1494 | C89: 魔 | D89: 是 | E89: 18 | F89: 18 | G89: 1+3 | H89: 200冰冻值 | I89: 41 | J89: 0 | K89: 1494 | L89: 0 | M89: 0 | N89: 0 | O89: 1 | P89: 210621050 | Q89: 210621051 | R89: 0 | S89: 0 | T89: 0 | U89: 0 | V89: 0 | W89: 0 | X89: 0 | Y89: 1 | Z89: 1 | AA89: 0 | AB89: 0 | AC89: 0 | AD89: 0 | AE89: 无 | AF89: 无 | AG89: 无 | AH89: 无 | AI89: 无 | AJ89: 无 | AK89: 0 | AL89: 0 | AM89: 0 | AN89: 0 | AO89: 0 | AP89: 0 | AQ89: 0 | AR89: 0 | AS89: 0 | AT89: 0 | AU89: 0 | AV89: 0 | AW89: 430 | AX89: 1290 | AY89: 0 | AZ89: 0 | BA89: 0 | BB89: 0 | BC89: 333 | BD89: 1161 | BE89: 0 | BF89: 0 | BG89: 0 | BH89: 0 | BI89: 0 | BJ89: 0 | BK89: 0 | BL89: 0 | BM89: 0 | BN89: 0 | BO89: 0 | BP89: 0 | BQ89: 0 | BR89: 0 | BS89: 0 | BT89: 0 | BU89: 0 | BV89: 0 | BW89: 0 | BX89: 0 | BY89: 0 | BZ89: 0 | CA89: 0 | CB89: 0 | CC89: 0 | CD89: 0 | CE89: 0 | CF89: 0 | CG89: 0 | CH89: 0 | CI89: 0 | CJ89: 0 | CK89: 0 | CL89: 0 | CM89: 0 | CN89: 0 | CO89: 0 | CP89: 0 | CQ89: 0 | CR89: 0 | CS89: 5 | CT89: 13 | CU89: 0 | CV89: 0 | CW89: 0 | CX89: 0 | CY89: 1 | CZ89: 3 | DE89: 50 | DF89: 150 | DG89: 0 | DH89: 0 | DI89: 0 | DJ89: 0 | DK89: 冰冻值 | DL89: 0
A90: 融泥漩 | B90: 1269 | C90: 魔 | D90: 否 | E90: 5 | F90: 5 | G90: 1 | H90: 170冰冻值 | I90: 29 | J90: 0 | K90: 1269 | L90: 0 | M90: 0 | N90: 0 | O90: 1 | P90: 210620000 | Q90: 0 | R90: 0 | S90: 0 | T90: 0 | U90: 0 | V90: 0 | W90: 0 | X90: 0 | Y90: 1 | Z90: 0 | AA90: 0 | AB90: 0 | AC90: 0 | AD90: 0 | AE90: 无 | AF90: 无 | AG90: 无 | AH90: 无 | AI90: 无 | AJ90: 无 | AK90: 0 | AL90: 0 | AM90: 0 | AN90: 0 | AO90: 0 | AP90: 0 | AQ90: 0 | AR90: 0 | AS90: 0 | AT90: 0 | AU90: 0 | AV90: 0 | AW90: 1410.4 | AX90: 0 | AY90: 0 | AZ90: 0 | BA90: 0 | BB90: 0 | BC90: 1269 | BD90: 0 | BE90: 0 | BF90: 0 | BG90: 0 | BH90: 0 | BI90: 0 | BJ90: 0 | BK90: 0 | BL90: 0 | BM90: 0 | BN90: 0 | BO90: 0 | BP90: 0 | BQ90: 0 | BR90: 0 | BS90: 0 | BT90: 0 | BU90: 0 | BV90: 0 | BW90: 0 | BX90: 0 | BY90: 0 | BZ90: 0 | CA90: 0 | CB90: 0 | CC90: 0 | CD90: 0 | CE90: 0 | CF90: 0 | CG90: 0 | CH90: 0 | CI90: 0 | CJ90: 0 | CK90: 0 | CL90: 0 | CM90: 0 | CN90: 0 | CO90: 0 | CP90: 0 | CQ90: 0 | CR90: 0 | CS90: 5 | CT90: 0 | CU90: 0 | CV90: 0 | CW90: 0 | CX90: 0 | CY90: 1 | DE90: 170 | DF90: 0 | DG90: 0 | DH90: 0 | DI90: 0 | DJ90: 0 | DK90: 冰冻值 | DL90: 0

Sheet 敌人数据
A1: 敌人 | B1: 类型 | C1: 1 | D1: 2 | E1: 3 | F1: 4 | G1: 5 | H1: 6 | I1: 7 | J1: 8 | K1: 普通 | L1: 打击 | M1: 斩击 | N1: 突刺 | O1: 魔 | P1: 火 | Q1: 雷 | R1: 圣 | S1: dlc
A2: “恶兆妖鬼”玛尔基特 | C2: 105 | D2: 124 | E2: =1.025*$D2 -> 127.1 | F2: =1.05*$D2 -> 130.2 | G2: =1.1*$D2 -> 136.4 | H2: =1.15*$D2 -> 142.6 | I2: =1.2*$D2 -> 148.8 | J2: =1.3*$D2 -> 161.2 | K2: 100 | L2: 100 | M2: 110 | N2: 100 | O2: 100 | P2: 100 | Q2: 100 | R2: 60 | S2: 否
A3: “接肢”葛瑞克 | C3: 105 | D3: 124 | E3: =1.025*$D3 -> 127.1 | F3: =1.05*$D3 -> 130.2 | G3: =1.1*$D3 -> 136.4 | H3: =1.15*$D3 -> 142.6 | I3: =1.2*$D3 -> 148.8 | J3: =1.3*$D3 -> 161.2 | K3: 100 | L3: 100 | M3: 100 | N3: 100 | O3: 80 | P3: 80 | Q3: 80 | R3: 60 | S3: 否
A4: 狮子混种 | C4: 105 | D4: 124 | E4: =1.025*$D4 -> 127.1 | F4: =1.05*$D4 -> 130.2 | G4: =1.1*$D4 -> 136.4 | H4: =1.15*$D4 -> 142.6 | I4: =1.2*$D4 -> 148.8 | J4: =1.3*$D4 -> 161.2 | K4: 90 | L4: 90 | M4: 100 | N4: 90 | O4: 80 | P4: 100 | Q4: 80 | R4: 80 | S4: 否
A5: 拉达冈的红狼 | C5: 109 | D5: 129 | E5: =1.025*$D5 -> 132.225 | F5: =1.05*$D5 -> 135.45 | G5: =1.1*$D5 -> 141.9 | H5: =1.15*$D5 -> 148.35 | I5: =1.2*$D5 -> 154.8 | J5: =1.3*$D5 -> 167.7 | K5: 100 | L5: 100 | M5: 110 | N5: 100 | O5: 60 | P5: 80 | Q5: 80 | R5: 80 | S5: 否
A6: “满月女王”蕾娜拉一阶段 | C6: 109 | D6: 129 | E6: =1.025*$D6 -> 132.225 | F6: =1.05*$D6 -> 135.45 | G6: =1.1*$D6 -> 141.9 | H6: =1.15*$D6 -> 148.35 | I6: =1.2*$D6 -> 154.8 | J6: =1.3*$D6 -> 167.7 | K6: 110 | L6: 100 | M6: 110 | N6: 110 | O6: 20 | P6: 80 | Q6: 80 | R6: 80 | S6: 否
A7: “满月女王”蕾娜拉二阶段 | C7: 109 | D7: 129 | E7: =1.025*$D7 -> 132.225 | F7: =1.05*$D7 -> 135.45 | G7: =1.1*$D7 -> 141.9 | H7: =1.15*$D7 -> 148.35 | I7: =1.2*$D7 -> 154.8 | J7: =1.3*$D7 -> 167.7 | K7: 110 | L7: 100 | M7: 110 | N7: 110 | O7: 20 | P7: 60 | Q7: 60 | R7: 60 | S7: 否
A8: “碎星”拉塔恩 | C8: 113 | D8: 134 | E8: =1.025*$D8 -> 137.35 | F8: =1.05*$D8 -> 140.7 | G8: =1.1*$D8 -> 147.4 | H8: =1.15*$D8 -> 154.1 | I8: =1.2*$D8 -> 160.8 | J8: =1.3*$D8 -> 174.2 | K8: 90 | L8: 90 | M8: 90 | N8: 100 | O8: 80 | P8: 80 | Q8: 80 | R8: 60 | S8: 否
A9: “熔岩土龙”马卡尔 | B9: 飞龙 | C9: 113 | D9: 134 | E9: =1.025*$D9 -> 137.35 | F9: =1.05*$D9 -> 140.7 | G9: =1.1*$D9 -> 147.4 | H9: =1.15*$D9 -> 154.1 | I9: =1.2*$D9 -> 160.8 | J9: =1.3*$D9 -> 174.2 | K9: 90 | L9: 90 | M9: 65 | N9: 90 | O9: 60 | P9: 20 | Q9: 60 | R9: 60 | S9: 否
A10: 噬神大蛇/“亵渎君王”拉卡德 | C10: 116 | D10: 137 | E10: =1.025*$D10 -> 140.425 | F10: =1.05*$D10 -> 143.85 | G10: =1.1*$D10 -> 150.7 | H10: =1.15*$D10 -> 157.55 | I10: =1.2*$D10 -> 164.4 | J10: =1.3*$D10 -> 178.1 | K10: 90 | L10: 65 | M10: 90 | N10: 90 | O10: 60 | P10: 20 | Q10: 80 | R10: 60 | S10: 否
A11: 神皮使徒 | C11: 116 | D11: 137 | E11: =1.025*$D11 -> 140.425 | F11: =1.05*$D11 -> 143.85 | G11: =1.1*$D11 -> 150.7 | H11: =1.15*$D11 -> 157.55 | I11: =1.2*$D11 -> 164.4 | J11: =1.3*$D11 -> 178.1 | K11: 100 | L11: 90 | M11: 110 | N11: 100 | O11: 80 | P11: 60 | Q11: 80 | R11: 60 | S11: 否
A12: 神皮贵族 | C12: 116 | D12: 137 | E12: =1.025*$D12 -> 140.425 | F12: =1.05*$D12 -> 143.85 | G12: =1.1*$D12 -> 150.7 | H12: =1.15*$D12 -> 157.55 | I12: =1.2*$D12 -> 164.4 | J12: =1.3*$D12 -> 178.1 | K12: 100 | L12: 65 | M12: 110 | N12: 100 | O12: 80 | P12: 60 | Q12: 80 | R12: 60 | S12: 否
A13: “铁棘”艾隆梅尔 | C13: 116 | D13: 137 | E13: =1.025*$D13 -> 140.425 | F13: =1.05*$D13 -> 143.85 | G13: =1.1*$D13 -> 150.7 | H13: =1.15*$D13 -> 157.55 | I13: =1.2*$D13 -> 164.4 | J13: =1.3*$D13 -> 178.1 | K13: 65 | L13: 65 | M13: 65 | N13: 90 | O13: 60 | P13: 60 | Q13: 80 | R13: 60 | S13: 否
A14: “初始之王”葛孚雷 | C14: 120 | D14: 144 | E14: =1.025*$D14 -> 147.6 | F14: =1.05*$D14 -> 151.2 | G14: =1.1*$D14 -> 158.4 | H14: =1.15*$D14 -> 165.6 | I14: =1.2*$D14 -> 172.8 | J14: =1.3*$D14 -> 187.2 | K14: 90 | L14: 90 | M14: 90 | N14: 100 | O14: 80 | P14: 80 | Q14: 100 | R14: 60 | S14: 否
A15: 战士荷莱露 | C15: 120 | D15: 144 | E15: =1.025*$D15 -> 147.6 | F15: =1.05*$D15 -> 151.2 | G15: =1.1*$D15 -> 158.4 | H15: =1.15*$D15 -> 165.6 | I15: =1.2*$D15 -> 172.8 | J15: =1.3*$D15 -> 187.2 | K15: 100 | L15: 100 | M15: 110 | N15: 100 | O15: 100 | P15: 100 | Q15: 100 | R15: 60 | S15: 否
A16: “恶兆王”蒙葛特 | C16: 115 | D16: 136 | E16: =1.025*$D16 -> 139.4 | F16: =1.05*$D16 -> 142.8 | G16: =1.1*$D16 -> 149.6 | H16: =1.15*$D16 -> 156.4 | I16: =1.2*$D16 -> 163.2 | J16: =1.3*$D16 -> 176.8 | K16: 100 | L16: 100 | M16: 110 | N16: 100 | O16: 100 | P16: 100 | Q16: 100 | R16: 60 | S16: 否
A17: 火焰巨人 | C17: 119 | D17: 141 | E17: =1.025*$D17 -> 144.525 | F17: =1.05*$D17 -> 148.05 | G17: =1.1*$D17 -> 155.1 | H17: =1.15*$D17 -> 162.15 | I17: =1.2*$D17 -> 169.2 | J17: =1.3*$D17 -> 183.3 | K17: 100 | L17: 100 | M17: 110 | N17: 100 | O17: 100 | P17: 50 | Q17: 100 | R17: 80 | S17: 否
A18: 老将尼奥 | C18: 119 | D18: 141 | E18: =1.025*$D18 -> 144.525 | F18: =1.05*$D18 -> 148.05 | G18: =1.1*$D18 -> 155.1 | H18: =1.15*$D18 -> 162.15 | I18: =1.2*$D18 -> 169.2 | J18: =1.3*$D18 -> 183.3 | K18: 90 | L18: 90 | M18: 65 | N18: 100 | O18: 80 | P18: 80 | Q18: 80 | R18: 80 | S18: 否
A19: “米凯拉的锋刃”玛莲妮亚 | C19: 123 | D19: 148 | E19: =1.025*$D19 -> 151.7 | F19: =1.05*$D19 -> 155.4 | G19: =1.1*$D19 -> 162.8 | H19: =1.15*$D19 -> 170.2 | I19: =1.2*$D19 -> 177.6 | J19: =1.3*$D19 -> 192.4 | K19: 90 | L19: 90 | M19: 90 | N19: 90 | O19: 80 | P19: 100 | Q19: 80 | R19: 60 | S19: 否
A20: 禁卫骑士罗蕾塔 | C20: 123 | D20: 148 | E20: =1.025*$D20 -> 151.7 | F20: =1.05*$D20 -> 155.4 | G20: =1.1*$D20 -> 162.8 | H20: =1.15*$D20 -> 170.2 | I20: =1.2*$D20 -> 177.6 | J20: =1.3*$D20 -> 192.4 | K20: 90 | L20: 90 | M20: 90 | N20: 90 | O20: 60 | P20: 60 | Q20: 100 | R20: 80 | S20: 否
A21: “圣树骑士”罗蕾塔 | C21: 123 | D21: 148 | E21: =1.025*$D21 -> 151.7 | F21: =1.05*$D21 -> 155.4 | G21: =1.1*$D21 -> 162.8 | H21: =1.15*$D21 -> 170.2 | I21: =1.2*$D21 -> 177.6 | J21: =1.3*$D21 -> 192.4 | K21: 90 | L21: 90 | M21: 90 | N21: 90 | O21: 60 | P21: 60 | Q21: 100 | R21: 80 | S21: 否
... A26: 祖灵之王 | C26: 112 | D26: 132 | E26: =1.025*$D26 -> 135.3 | F26: =1.05*$D26 -> 138.6 | G26: =1.1*$D26 -> 145.2 | H26: =1.15*$D26 -> 151.8 | I26: =1.2*$D26 -> 158.4 | J26: =1.3*$D26 -> 171.6 | K26: 100 | L26: 100 | M26: 110 | N26: 100 | O26: 80 | P26: 120 | Q26: 100 | R26: 120 | S26: 否
A27: 诺克史黛拉的龙人士兵 | B27: 飞龙 | C27: 112 | D27: 132 | E27: =1.025*$D27 -> 135.3 | F27: =1.05*$D27 -> 138.6 | G27: =1.1*$D27 -> 145.2 | H27: =1.15*$D27 -> 151.8 | I27: =1.2*$D27 -> 158.4 | J27: =1.3*$D27 -> 171.6 | K27: 90 | L27: 90 | M27: 100 | N27: 90 | O27: 80 | P27: 80 | Q27: 60 | R27: 80 | S27: 否
A28: 英雄石像鬼 | C28: 112 | D28: 132 | E28: =1.025*$D28 -> 135.3 | F28: =1.05*$D28 -> 138.6 | G28: =1.1*$D28 -> 145.2 | H28: =1.15*$D28 -> 151.8 | I28: =1.2*$D28 -> 158.4 | J28: =1.3*$D28 -> 171.6 | K28: 90 | L28: 100 | M28: 65 | N28: 65 | O28: 80 | P28: 60 | Q28: 60 | R28: 60 | S28: 否
A29: “死龙”弗尔桑克斯 | B29: 古龙 | C29: 115 | D29: 136 | E29: =1.025*$D29 -> 139.4 | F29: =1.05*$D29 -> 142.8 | G29: =1.1*$D29 -> 149.6 | H29: =1.15*$D29 -> 156.4 | I29: =1.2*$D29 -> 163.2 | J29: =1.3*$D29 -> 176.8 | K29: 65 | L29: 65 | M29: 65 | N29: 90 | O29: 60 | P29: 60 | Q29: 20 | R29: 20 | S29: 否
A30: “黑暗弃子”艾丝缇 | B30: 外星 | C30: 120 | D30: 144 | E30: =1.025*$D30 -> 147.6 | F30: =1.05*$D30 -> 151.2 | G30: =1.1*$D30 -> 158.4 | H30: =1.15*$D30 -> 165.6 | I30: =1.2*$D30 -> 172.8 | J30: =1.3*$D30 -> 187.2 | K30: 90 | L30: 90 | M30: 90 | N30: 90 | O30: 60 | P30: 60 | Q30: 60 | R30: 60 | S30: 否
A31: “鲜血君王”蒙格 | C31: 122 | D31: 146 | E31: =1.025*$D31 -> 149.65 | F31: =1.05*$D31 -> 153.3 | G31: =1.1*$D31 -> 160.6 | H31: =1.15*$D31 -> 167.9 | I31: =1.2*$D31 -> 175.2 | J31: =1.3*$D31 -> 189.8 | K31: 90 | L31: 90 | M31: 90 | N31: 90 | O31: 60 | P31: 20 | Q31: 60 | R31: 60 | S31: 否
A32: “黄金律法”拉达冈 | C32: 122 | D32: 146 | E32: =1.025*$D32 -> 149.65 | F32: =1.05*$D32 -> 153.3 | G32: =1.1*$D32 -> 160.6 | H32: =1.15*$D32 -> 167.9 | I32: =1.2*$D32 -> 175.2 | J32: =1.3*$D32 -> 189.8 | K32: 65 | L32: 90 | M32: 65 | N32: 65 | O32: 80 | P32: 100 | Q32: 80 | R32: 20 | S32: 否
A33: 艾尔登之兽 | C33: 122 | D33: 146 | E33: =1.025*$D33 -> 149.65 | F33: =1.05*$D33 -> 153.3 | G33: =1.1*$D33 -> 160.6 | H33: =1.15*$D33 -> 167.9 | I33: =1.2*$D33 -> 175.2 | J33: =1.3*$D33 -> 189.8 | K33: 90 | L33: 90 | M33: 90 | N33: 90 | O33: 60 | P33: 60 | Q33: 60 | R33: 20 | S33: 否
A34: 神兽舞狮 | C34: 122 | D34: 125 | E34: =1.025*$D34 -> 128.125 | F34: =1.05*$D34 -> 131.25 | G34: =1.1*$D34 -> 137.5 | H34: =1.15*$D34 -> 143.75 | I34: =1.2*$D34 -> 150 | J34: =1.3*$D34 -> 162.5 | K34: 70 | L34: 70 | M34: 80 | N34: 100 | O34: 60 | P34: 100 | Q34: 60 | R34: 60 | S34: 是
A35: “狂龙”贝勒 | B35: 飞龙 | C35: 125 | D35: 127 | E35: =1.025*$D35 -> 130.175 | F35: =1.05*$D35 -> 133.35 | G35: =1.1*$D35 -> 139.7 | H35: =1.15*$D35 -> 146.05 | I35: =1.2*$D35 -> 152.4 | J35: =1.3*$D35 -> 165.1 | K35: 65 | L35: 65 | M35: 65 | N35: 90 | O35: 60 | P35: 60 | Q35: 60 | R35: 60 | S35: 是
A36: “双月骑士”蕾菈娜 | C36: 123 | D36: 126 | E36: =1.025*$D36 -> 129.15 | F36: =1.05*$D36 -> 132.3 | G36: =1.1*$D36 -> 138.6 | H36: =1.15*$D36 -> 144.9 | I36: =1.2*$D36 -> 151.2 | J36: =1.3*$D36 -> 163.8 | K36: 80 | L36: 80 | M36: 60 | N36: 100 | O36: 60 | P36: 75 | Q36: 100 | R36: 80 | S36: 是
A37: 融泥骑士 | C37: 124 | D37: 126 | E37: =1.025*$D37 -> 129.15 | F37: =1.05*$D37 -> 132.3 | G37: =1.1*$D37 -> 138.6 | H37: =1.15*$D37 -> 144.9 | I37: =1.2*$D37 -> 151.2 | J37: =1.3*$D37 -> 163.8 | K37: 80 | L37: 100 | M37: 60 | N37: 60 | O37: 80 | P37: 100 | Q37: 100 | R37: 120 | S37: 是
A38: 幽影树的化身 | C38: 124 | D38: 126 | E38: =1.025*$D38 -> 129.15 | F38: =1.05*$D38 -> 132.3 | G38: =1.1*$D38 -> 138.6 | H38: =1.15*$D38 -> 144.9 | I38: =1.2*$D38 -> 151.2 | J38: =1.3*$D38 -> 163.8 | K38: 80 | L38: 100 | M38: 80 | N38: 80 | O38: 60 | P38: 140 | Q38: 80 | R38: 60 | S38: 是
A39: “穿刺者”梅瑟莫 | C39: 124 | D39: 126 | E39: =1.025*$D39 -> 129.15 | F39: =1.05*$D39 -> 132.3 | G39: =1.1*$D39 -> 138.6 | H39: =1.15*$D39 -> 144.9 | I39: =1.2*$D39 -> 151.2 | J39: =1.3*$D39 -> 163.8 | K39: 80 | L39: 80 | M39: 100 | N39: 80 | O39: 80 | P39: 60 | Q39: 80 | R39: 60 | S39: 是
A40: “恶之蛇”梅瑟莫 | C40: 124 | D40: 126 | E40: =1.025*$D40 -> 129.15 | F40: =1.05*$D40 -> 132.3 | G40: =1.1*$D40 -> 138.6 | H40: =1.15*$D40 -> 144.9 | I40: =1.2*$D40 -> 151.2 | J40: =1.3*$D40 -> 163.8 | K40: 80 | L40: 80 | M40: 100 | N40: 80 | O40: 80 | P40: 60 | Q40: 80 | R40: 100 | S40: 是
A41: 老将盖乌斯 | C41: 124 | D41: 126 | E41: =1.025*$D41 -> 129.15 | F41: =1.05*$D41 -> 132.3 | G41: =1.1*$D41 -> 138.6 | H41: =1.15*$D41 -> 144.9 | I41: =1.2*$D41 -> 151.2 | J41: =1.3*$D41 -> 163.8 | K41: 80 | L41: 80 | M41: 60 | N41: 80 | O41: 80 | P41: 100 | Q41: 100 | R41: 120 | S41: 是
A42: “癫火之王”米德拉 | C42: 125 | D42: 127 | E42: =1.025*$D42 -> 130.175 | F42: =1.05*$D42 -> 133.35 | G42: =1.1*$D42 -> 139.7 | H42: =1.15*$D42 -> 146.05 | I42: =1.2*$D42 -> 152.4 | J42: =1.3*$D42 -> 165.1 | K42: 80 | L42: 80 | M42: 100 | N42: 80 | O42: 80 | P42: 60 | Q42: 80 | R42: 80 | S42: 是
A43: “指头之母”梅蒂尔 | C43: 125 | D43: 127 | E43: =1.025*$D43 -> 130.175 | F43: =1.05*$D43 -> 133.35 | G43: =1.1*$D43 -> 139.7 | H43: =1.15*$D43 -> 146.05 | I43: =1.2*$D43 -> 152.4 | J43: =1.3*$D43 -> 165.1 | K43: 80 | L43: 80 | M43: 100 | N43: 80 | O43: 60 | P43: 60 | Q43: 60 | R43: 60 | S43: 是
A44: “花蕾圣女”萝蜜娜 | C44: 125 | D44: 127 | E44: =1.025*$D44 -> 130.175 | F44: =1.05*$D44 -> 133.35 | G44: =1.1*$D44 -> 139.7 | H44: =1.15*$D44 -> 146.05 | I44: =1.2*$D44 -> 152.4 | J44: =1.3*$D44 -> 165.1 | K44: 80 | L44: 80 | M44: 60 | N44: 80 | O44: 80 | P44: 100 | Q44: 80 | R44: 80 | S44: 是
A45: “约定之王”拉塔恩 | C45: 125 | D45: 127 | E45: =1.025*$D45 -> 130.175 | F45: =1.05*$D45 -> 133.35 | G45: =1.1*$D45 -> 139.7 | H45: =1.15*$D45 -> 146.05 | I45: =1.2*$D45 -> 152.4 | J45: =1.3*$D45 -> 165.1 | K45: 60 | L45: 60 | M45: 60 | N45: 80 | O45: 60 | P45: 60 | Q45: 60 | R45: 100 | S45: 是
A46: “米凯拉的王”拉塔恩 | C46: 125 | D46: 127 | E46: =1.025*$D46 -> 130.175 | F46: =1.05*$D46 -> 133.35 | G46: =1.1*$D46 -> 139.7 | H46: =1.15*$D46 -> 146.05 | I46: =1.2*$D46 -> 152.4 | J46: =1.3*$D46 -> 165.1 | K46: 60 | L46: 60 | M46: 60 | N46: 80 | O46: 60 | P46: 60 | Q46: 60 | R46: 60 | S46: 是
A47: “结缘牧师”米利耶（壳） | C47: 84 | D47: 84 | E47: 84 | F47: 84 | G47: 84 | H47: 84 | I47: 84 | J47: 84 | K47: 78 | L47: 120 | M47: 78 | N47: 120 | O47: 168 | P47: 240 | Q47: 168 | R47: 168 | S47: 否
A48: “结缘牧师”米利耶（身体） | C48: 84 | D48: 84 | E48: 84 | F48: 84 | G48: 84 | H48: 84 | I48: 84 | J48: 84 | K48: 117 | L48: 180 | M48: 117 | N48: 180 | O48: =O47*1.5 -> 252 | P48: =P47*1.5 -> 360 | Q48: =Q47*1.5 -> 252 | R48: =R47*1.5 -> 252 | S48: 否
A49: 下水道恶兆之子 | C49: 117 | D49: 139 | E49: =1.025*$D49 -> 142.475 | F49: =1.05*$D49 -> 145.95 | G49: =1.1*$D49 -> 152.9 | H49: =1.15*$D49 -> 159.85 | I49: =1.2*$D49 -> 166.8 | J49: =1.3*$D49 -> 180.7 | K49: 100 | L49: 100 | M49: 110 | N49: 100 | O49: 100 | P49: 100 | Q49: 100 | R49: 80 | S49: 否
A50: 神授塔黑焰修士 | C50: 120 | D50: 144 | E50: =1.025*$D50 -> 147.6 | F50: =1.05*$D50 -> 151.2 | G50: =1.1*$D50 -> 158.4 | H50: =1.15*$D50 -> 165.6 | I50: =1.2*$D50 -> 172.8 | J50: =1.3*$D50 -> 187.2 | K50: 100 | L50: 100 | M50: 90 | N50: 100 | O50: 100 | P50: 60 | Q50: 80 | R50: 80 | S50: 否
A51: 自定义 | C51: 112 | D51: 132 | E51: =1.025*$D51 -> 135.3 | F51: =1.05*$D51 -> 138.6 | G51: =1.1*$D51 -> 145.2 | H51: =1.15*$D51 -> 151.8 | I51: =1.2*$D51 -> 158.4 | J51: =1.3*$D51 -> 171.6 | K51: 100 | L51: 100 | M51: 100 | N51: 100 | O51: 100 | P51: 100 | Q51: 100 | R51: 100 | S51: 否

Sheet AtkParam
A1: Row ID | B1: Name | C1: 默认次数 | D1: 智需求 | E1: 信需求 | F1: 感需求 | G1: 物基础 | H1: 魔基础 | I1: 火基础 | J1: 雷基础 | K1: 圣基础 | L1: 物理属性 | M1: 特殊类型1 | N1: 特殊类型2 | O1: 特殊类型3 | P1: 类型 | Q1: 耗精 | R1: 削韧 | S1: 冲击力 | T1: 异常值 | U1: 异常类型 | V1: 异常是否补正 | W1: 血焰 | X1: 魔法 | Y1: 祷告
A2: 40000 | B2: 辉石魔砾 | C2: 1 | D2: 10 | E2: 0 | F2: 0 | G2: 0 | H2: 152 | I2: 0 | J2: 0 | K2: 0 | L2: 无 | M2: 无 | N2: 无 | O2: 无 | P2: 魔法 | Q2: 7 | R2: 3 | S2: 1 | V2: 0 | X2: {=_xlfn._xlws.FILTER($B$2:$B$320,$P$2:$P$320=X1)} -> 辉石魔砾 | Y2: {=_xlfn._xlws.FILTER($B$2:$B$320,$P$2:$P$320=Y1)} -> 黄金之怒
A3: 40100 | B3: 辉石迅魔砾 | C3: 1 | D3: 12 | E3: 0 | F3: 0 | G3: 0 | H3: 114 | I3: 0 | J3: 0 | K3: 0 | L3: 无 | M3: 无 | N3: 无 | O3: 无 | P3: 魔法 | Q3: 5 | R3: 2 | S3: 8 | V3: 0 | X3: 辉石迅魔砾 | Y3: 黄金之怒-蓄力
A4: 40010 | B4: 辉石大魔砾 | C4: 1 | D4: 16 | E4: 0 | F4: 0 | G4: 0 | H4: 211 | I4: 0 | J4: 0 | K4: 0 | L4: 无 | M4: 无 | N4: 无 | O4: 无 | P4: 魔法 | Q4: 12 | R4: 5.5 | S4: 1 | V4: 0 | X4: 辉石大魔砾 | Y4: 远方之怒
A5: 40200 | B5: 辉石彗星 | C5: 1 | D5: 36 | E5: 0 | F5: 0 | G5: 0 | H5: 259 | I5: 0 | J5: 0 | K5: 0 | L5: 无 | M5: 亚兹勒1 | N5: 无 | O5: 无 | P5: 魔法 | Q5: 17 | R5: 5.5 | S5: 1 | V5: 0 | X5: 辉石彗星 | Y5: 远方之怒-蓄力
A6: 40201 | B6: 辉石彗星-蓄力 | C6: 1 | D6: 36 | E6: 0 | F6: 0 | G6: 0 | H6: 324 | I6: 0 | J6: 0 | K6: 0 | L6: 无 | M6: 亚兹勒1 | N6: 蓄力 | O6: 无 | P6: 魔法 | Q6: 17 | R6: 10.175 | S6: 1 | V6: 0 | X6: 辉石彗星-蓄力 | Y6: 熔炉百相之喉囊
A7: 40210 | B7: 帚星 | C7: 1 | D7: 52 | E7: 0 | F7: 0 | G7: 0 | H7: 292 | I7: 0 | J7: 0 | K7: 0 | L7: 无 | M7: 亚兹勒1 | N7: 无 | O7: 无 | P7: 魔法 | Q7: 24 | R7: 7 | S7: 1 | V7: 0 | X7: 帚星 | Y7: 熔炉百相之尾
A8: 40211 | B8: 帚星-蓄力 | C8: 1 | D8: 52 | E8: 0 | F8: 0 | G8: 0 | H8: 365 | I8: 0 | J8: 0 | K8: 0 | L8: 无 | M8: 亚兹勒1 | N8: 蓄力 | O8: 无 | P8: 魔法 | Q8: 24 | R8: 12.95 | S8: 2 | V8: 0 | X8: 帚星-蓄力 | Y8: 熔炉百相之尾-蓄力二段
A9: 40300 | B9: 旋飞魔砾 | C9: 3 | D9: 27 | E9: 0 | F9: 0 | G9: 0 | H9: 92 | I9: 0 | J9: 0 | K9: 0 | L9: 无 | M9: 无 | N9: 无 | O9: 无 | P9: 魔法 | Q9: 14 | R9: 2 | S9: 1 | V9: 0 | X9: 旋飞魔砾 | Y9: 熔炉百相之角
A10: 40301 | B10: 旋飞魔砾-蓄力 | C10: 3 | D10: 27 | E10: 0 | F10: 0 | G10: 0 | H10: 110 | I10: 0 | J10: 0 | K10: 0 | L10: 无 | M10: 无 | N10: 蓄力 | O10: 无 | P10: 魔法 | Q10: 14 | R10: 3.7 | S10: 1 | V10: 0 | X10: 旋飞魔砾-蓄力 | Y10: 熔炉百相之角-蓄力
A11: 40400 | B11: 辉石流星-1 | C11: 1 | D11: 12 | E11: 0 | F11: 0 | G11: 0 | H11: 87 | I11: 0 | J11: 0 | K11: 0 | L11: 无 | M11: 卢瑟特1 | N11: 无 | O11: 无 | P11: 魔法 | Q11: 12 | R11: 2 | S11: 1 | V11: 0 | X11: 辉石流星-1 | Y11: 熔炉百相之针（撞击）
A12: 40401 | B12: 辉石流星-2 | C12: 1 | D12: 12 | E12: 0 | F12: 0 | G12: 0 | H12: 78 | I12: 0 | J12: 0 | K12: 0 | L12: 无 | M12: 卢瑟特1 | N12: 无 | O12: 无 | P12: 魔法 | Q12: 12 | R12: 2 | S12: 1 | V12: 0 | X12: 辉石流星-2 | Y12: 熔炉百相之针（针）
A13: 40402 | B13: 辉石流星-3 | C13: 1 | D13: 12 | E13: 0 | F13: 0 | G13: 0 | H13: 68 | I13: 0 | J13: 0 | K13: 0 | L13: 无 | M13: 卢瑟特1 | N13: 无 | O13: 无 | P13: 魔法 | Q13: 12 | R13: 2 | S13: 1 | V13: 0 | X13: 辉石流星-3 | Y13: 熔炉百相之花
A14: 40405 | B14: 辉石流星-1-蓄力 | C14: 1 | D14: 12 | E14: 0 | F14: 0 | G14: 0 | H14: 99 | I14: 0 | J14: 0 | K14: 0 | L14: 无 | M14: 卢瑟特1 | N14: 蓄力 | O14: 无 | P14: 魔法 | Q14: 12 | R14: 3.7 | S14: 1 | V14: 0 | X14: 辉石流星-1-蓄力 | Y14: 熔炉百相之花-蓄力
... A70: 43600 | B70: 蕾娜菈的满月 | C70: 1 | D70: 70 | E70: 0 | F70: 0 | G70: 0 | H70: 360 | I70: 0 | J70: 0 | K70: 0 | L70: 无 | M70: 满月 | N70: 无 | O70: 无 | P70: 魔法 | Q70: 47 | R70: 13.6345 | S70: 3 | V70: 0 | X70: 蕾娜菈的满月 | Y70: 火焰啊！
A71: 43610 | B71: 菈妮的暗月 | C71: 1 | D71: 68 | E71: 0 | F71: 0 | G71: 0 | H71: 330 | I71: 0 | J71: 0 | K71: 0 | L71: 无 | M71: 满月 | N71: 冰魔法 | O71: 无 | P71: 魔法 | Q71: 57 | R71: 13.6345 | S71: 3 | T71: 270 | U71: 冰冻值 | V71: 0 | X71: 菈妮的暗月 | Y71: 火焰啊！-蓄力
A72: 210432000 | B72: 蕾菈娜的双月（月亮） | C72: 2 | D72: 72 | E72: 0 | F72: 0 | G72: 0 | H72: 300 | I72: 0 | J72: 0 | K72: 0 | L72: 无 | M72: 满月 | N72: 无 | O72: 无 | P72: 魔法 | Q72: 47 | R72: 10 | S72: 3 | V72: 0 | X72: 蕾菈娜的双月（月亮） | Y72: 投火
A73: 210432002 | B73: 蕾菈娜的双月（爆炸） | C73: 1 | D73: 72 | E73: 0 | F73: 0 | G73: 0 | H73: 400 | I73: 0 | J73: 0 | K73: 0 | L73: 无 | M73: 满月 | N73: 无 | O73: 无 | P73: 魔法 | Q73: 47 | R73: 10 | S73: 9 | V73: 0 | X73: 蕾菈娜的双月（爆炸） | Y73: 投火-蓄力
A74: 44400 | B74: 卡利亚迅剑 | C74: 1 | D74: 14 | E74: 0 | F74: 0 | G74: 0 | H74: 180 | I74: 0 | J74: 0 | K74: 0 | L74: 无 | M74: 卡利亚剑 | N74: 无 | O74: 无 | P74: 魔法 | Q74: 4 | R74: 3 | S74: 1 | V74: 0 | X74: 卡利亚迅剑 | Y74: 感受巨人火焰吧
A75: 44407 | B75: 卡利亚迅剑-骑马 | C75: 1 | D75: 14 | E75: 0 | F75: 0 | G75: 0 | H75: 184 | I75: 0 | J75: 0 | K75: 0 | L75: 无 | M75: 卡利亚剑 | N75: 无 | O75: 无 | P75: 魔法 | Q75: 4 | R75: 3 | S75: 1 | V75: 0 | X75: 卡利亚迅剑-骑马 | Y75: 感受巨人火焰吧-蓄力
A76: 44300 | B76: 卡利亚大剑 | C76: 1 | D76: 24 | E76: 0 | F76: 0 | G76: 0 | H76: 268 | I76: 0 | J76: 0 | K76: 0 | L76: 无 | M76: 卡利亚剑 | N76: 无 | O76: 无 | P76: 魔法 | Q76: 12 | R76: 10.175 | S76: 3 | V76: 0 | X76: 卡利亚大剑 | Y76: 火焰啊，倾注吧
A77: 44307 | B77: 卡利亚大剑-骑马 | C77: 1 | D77: 24 | E77: 0 | F77: 0 | G77: 0 | H77: 272 | I77: 0 | J77: 0 | K77: 0 | L77: 无 | M77: 卡利亚剑 | N77: 无 | O77: 无 | P77: 魔法 | Q77: 12 | R77: 10.175 | S77: 3 | V77: 0 | X77: 卡利亚大剑-骑马 | Y77: 火焰啊，倾注吧-蓄力
A78: 44500 | B78: 卡利亚贯刺 | C78: 1 | D78: 27 | E78: 0 | F78: 0 | G78: 0 | H78: 287 | I78: 0 | J78: 0 | K78: 0 | L78: 无 | M78: 卡利亚剑 | N78: 无 | O78: 无 | P78: 魔法 | Q78: 17 | R78: 10.175 | S78: 3 | V78: 0 | X78: 卡利亚贯刺 | Y78: 恶神火焰
A79: 44505 | B79: 卡利亚贯刺-蓄力 | C79: 1 | D79: 27 | E79: 0 | F79: 0 | G79: 0 | H79: 355 | I79: 0 | J79: 0 | K79: 0 | L79: 无 | M79: 卡利亚剑 | N79: 蓄力 | O79: 无 | P79: 魔法 | Q79: 17 | R79: 12.95 | S79: 7 | V79: 0 | X79: 卡利亚贯刺-蓄力 | Y79: 恶神火焰（燃烧）
A80: 44310 | B80: 亚杜拉的月光剑（剑身） | C80: 1 | D80: 32 | E80: 0 | F80: 0 | G80: 0 | H80: 133 | I80: 0 | J80: 0 | K80: 0 | L80: 无 | M80: 卡利亚剑 | N80: 无 | O80: 冰魔法 | P80: 魔法 | Q80: 22 | R80: 8.5 | S80: 3 | T80: 120 | U80: 冰冻值 | V80: 0 | X80: 亚杜拉的月光剑（剑身） | Y80: 火焰啊，喷发吧
A81: 44317 | B81: 亚杜拉的月光剑（剑身，骑马） | C81: 1 | D81: 32 | E81: 0 | F81: 0 | G81: 0 | H81: 137 | I81: 0 | J81: 0 | K81: 0 | L81: 无 | M81: 卡利亚剑 | N81: 无 | O81: 冰魔法 | P81: 魔法 | Q81: 22 | R81: 8.5 | S81: 3 | T81: 120 | U81: 冰冻值 | V81: 0 | X81: 亚杜拉的月光剑（剑身，骑马） | Y81: 火焰啊，缠绕吧
A82: 44319 | B82: 亚杜拉的月光剑（剑气） | C82: 1 | D82: 32 | E82: 0 | F82: 0 | G82: 0 | H82: 189 | I82: 0 | J82: 0 | K82: 0 | L82: 无 | M82: 卡利亚剑 | N82: 无 | O82: 冰魔法 | P82: 魔法 | Q82: 22 | R82: 3.5 | S82: 2 | T82: 35 | U82: 冰冻值 | V82: 0 | X82: 亚杜拉的月光剑（剑气） | Y82: 火焰啊，缠绕吧-蓄力
A83: 46000 | B83: 奇袭魔砾 | C83: 1 | D83: 23 | E83: 0 | F83: 0 | G83: 0 | H83: 146 | I83: 0 | J83: 0 | K83: 0 | L83: 无 | M83: 无 | N83: 无 | O83: 无 | P83: 魔法 | Q83: 13 | R83: 3 | S83: 8 | V83: 0 | X83: 奇袭魔砾 | Y83: 火焰啊，吞噬一切！
A84: 46100 | B84: 黑夜魔砾 | C84: 1 | D84: 18 | E84: 0 | F84: 0 | G84: 0 | H84: 111 | I84: 0 | J84: 0 | K84: 0 | L84: 无 | M84: 黑夜 | N84: 无 | O84: 无 | P84: 魔法 | Q84: 7 | R84: 2 | S84: 8 | V84: 0 | X84: 黑夜魔砾 | Y84: 火焰重罪（爆炸）
A85: 46200 | B85: 黑夜彗星 | C85: 1 | D85: 38 | E85: 0 | F85: 0 | G85: 0 | H85: 230 | I85: 0 | J85: 0 | K85: 0 | L85: 无 | M85: 黑夜 | N85: 无 | O85: 无 | P85: 魔法 | Q85: 21 | R85: 5.5 | S85: 1 | V85: 0 | X85: 黑夜彗星 | Y85: 火焰重罪（燃烧）
A86: 46201 | B86: 黑夜彗星-蓄力 | C86: 1 | D86: 38 | E86: 0 | F86: 0 | G86: 0 | H86: 276 | I86: 0 | J86: 0 | K86: 0 | L86: 无 | M86: 黑夜 | N86: 蓄力 | O86: 无 | P86: 魔法 | Q86: 21 | R86: 10.175 | S86: 1 | V86: 0 | X86: 黑夜彗星-蓄力 | Y86: 火焰重罪（爆炸）-蓄力
A87: 48000 | B87: 熔岩球 | C87: 1 | D87: 19 | E87: 10 | F87: 0 | G87: 0 | H87: 0 | I87: 210 | J87: 0 | K87: 0 | L87: 无 | M87: 格密尔 | N87: 无 | O87: 熔岩 | P87: 魔法 | Q87: 16 | R87: 5 | S87: 3 | V87: 0 | X87: 熔岩球 | Y87: 火焰重罪燃烧（燃烧）-蓄力
A88: 48003 | B88: 熔岩球（岩浆） | C88: 4 | D88: 19 | E88: 10 | F88: 0 | G88: 0 | H88: 0 | I88: 48 | J88: 0 | K88: 0 | L88: 无 | M88: 格密尔 | N88: 无 | O88: 熔岩 | P88: 魔法 | Q88: 16 | R88: 0 | S88: 0 | V88: 0 | X88: 熔岩球（岩浆） | Y88: 火焰蛇
A89: 48005 | B89: 熔岩球-蓄力 | C89: 1 | D89: 19 | E89: 10 | F89: 0 | G89: 0 | H89: 0 | I89: 250 | J89: 0 | K89: 0 | L89: 无 | M89: 格密尔 | N89: 蓄力 | O89: 熔岩 | P89: 魔法 | Q89: 16 | R89: 9.25 | S89: 3 | V89: 0 | X89: 熔岩球-蓄力 | Y89: 火焰蛇-蓄力
A90: 48007 | B90: 熔岩球（岩浆）-蓄力 | C90: 4 | D90: 19 | E90: 10 | F90: 0 | G90: 0 | H90: 0 | I90: 53 | J90: 0 | K90: 0 | L90: 无 | M90: 格密尔 | N90: 蓄力 | O90: 熔岩 | P90: 魔法 | Q90: 16 | R90: 0 | S90: 0 | V90: 0 | X90: 熔岩球（岩浆）-蓄力 | Y90: 火焰雨
A91: 48108 | B91: 格密尔之怒-起手 | C91: 1 | D91: 28 | E91: 15 | F91: 0 | G91: 0 | H91: 0 | I91: 160 | J91: 0 | K91: 0 | L91: 无 | M91: 格密尔 | N91: 无 | O91: 熔岩 | P91: 魔法 | Q91: 16 | R91: 5.1 | S91: 1 | V91: 0 | X91: 格密尔之怒-起手 | Y91: 火焰雨-蓄力
A92: 48100 | B92: 格密尔之怒 | C92: 3 | D92: 28 | E92: 15 | F92: 0 | G92: 0 | H92: 0 | I92: 125 | J92: 0 | K92: 0 | L92: 无 | M92: 格密尔 | N92: 无 | O92: 熔岩 | P92: 魔法 | Q92: 16 | R92: 3 | S92: 2 | V92: 0 | X92: 格密尔之怒 | Y92: 梅瑟莫的火球（空中、俯冲）
A93: 48200 | B93: 滚烫熔岩（直击） | C93: 1 | D93: 21 | E93: 12 | F93: 0 | G93: 0 | H93: 0 | I93: 234 | J93: 0 | K93: 0 | L93: 无 | M93: 格密尔 | N93: 无 | O93: 熔岩 | P93: 魔法 | Q93: 28 | R93: 5 | S93: 1 | V93: 0 | X93: 滚烫熔岩（直击） | Y93: 梅瑟莫的火球（爆炸）
A94: 48204 | B94: 滚烫熔岩（爆炸） | C94: 1 | D94: 21 | E94: 12 | F94: 0 | G94: 0 | H94: 0 | I94: 318 | J94: 0 | K94: 0 | L94: 无 | M94: 格密尔 | N94: 无 | O94: 熔岩 | P94: 魔法 | Q94: 28 | R94: 10.175 | S94: 3 | V94: 0 | X94: 滚烫熔岩（爆炸） | Y94: 梅瑟莫的火球（空中、俯冲）-蓄力
... A99: 48300 | B99: 拉卡德的怨魂 | C99: 1 | D99: 40 | E99: 18 | F99: 0 | G99: 0 | H99: 0 | I99: 150 | J99: 0 | K99: 0 | L99: 无 | M99: 格密尔 | N99: 无 | O99: 无 | P99: 魔法 | Q99: 23 | R99: 5 | S99: 2 | V99: 0 | X99: 拉卡德的怨魂 | Y99: 横扫黑焰-蓄力
A100: 44000 | B100: 辉石冰块 | C100: 1 | D100: 15 | E100: 0 | F100: 0 | G100: 0 | H100: 199 | I100: 0 | J100: 0 | K100: 0 | L100: 无 | M100: 冰魔法 | N100: 无 | O100: 无 | P100: 魔法 | Q100: 12 | R100: 5.5 | S100: 1 | T100: 100 | U100: 冰冻值 | V100: 0 | X100: 辉石冰块 | Y100: 黑焰仪式
A101: 44100 | B101: 萨米尔冰风暴-第一下 | C101: 1 | D101: 36 | E101: 0 | F101: 0 | G101: 0 | H101: 99 | I101: 0 | J101: 0 | K101: 0 | L101: 无 | M101: 冰魔法 | N101: 无 | O101: 风暴 | P101: 魔法 | Q101: 17 | R101: 8 | S101: 8 | T101: 80 | U101: 冰冻值 | V101: 0 | X101: 萨米尔冰风暴-第一下 | Y101: 黑焰仪式-蓄力
A102: 44101 | B102: 萨米尔冰风暴-后续 | C102: 5 | D102: 36 | E102: 0 | F102: 0 | G102: 0 | H102: 74 | I102: 0 | J102: 0 | K102: 0 | L102: 无 | M102: 冰魔法 | N102: 无 | O102: 风暴 | P102: 魔法 | Q102: 17 | R102: 2 | S102: 8 | T102: 80 | U102: 冰冻值 | V102: 0 | X102: 萨米尔冰风暴-后续 | Y102: 贵族气场
A103: 44105 | B103: 萨米尔冰风暴-蓄力第一下 | C103: 1 | D103: 36 | E103: 0 | F103: 0 | G103: 0 | H103: 104 | I103: 0 | J103: 0 | K103: 0 | L103: 无 | M103: 冰魔法 | N103: 蓄力 | O103: 风暴 | P103: 魔法 | Q103: 17 | R103: 10.175 | S103: 8 | T103: 80 | U103: 冰冻值 | V103: 0 | X103: 萨米尔冰风暴-蓄力第一下 | Y103: 贵族气场-蓄力
A104: 44106 | B104: 萨米尔冰风暴-蓄力后续 | C104: 8 | D104: 36 | E104: 0 | F104: 0 | G104: 0 | H104: 79 | I104: 0 | J104: 0 | K104: 0 | L104: 无 | M104: 冰魔法 | N104: 蓄力 | O104: 风暴 | P104: 魔法 | Q104: 17 | R104: 3.7 | S104: 8 | T104: 80 | U104: 冰冻值 | V104: 0 | X104: 萨米尔冰风暴-蓄力后续 | Y104: 兽爪
A105: 45000 | B105: 爆散结晶-全命中 | C105: 3 | D105: 38 | E105: 0 | F105: 0 | G105: 0 | H105: 127 | I105: 0 | J105: 0 | K105: 0 | L105: 无 | M105: 结晶 | N105: 无 | O105: 无 | P105: 魔法 | Q105: 21 | R105: 2.8 | S105: 1 | V105: 0 | X105: 爆散结晶-全命中 | Y105: 兽爪-蓄力
A106: 45001 | B106: 爆散结晶-部分命中1 | C106: 3 | D106: 38 | E106: 0 | F106: 0 | G106: 0 | H106: 60 | I106: 0 | J106: 0 | K106: 0 | L106: 无 | M106: 结晶 | N106: 无 | O106: 无 | P106: 魔法 | Q106: 21 | R106: 2.8 | S106: 2 | V106: 0 | X106: 爆散结晶-部分命中1 | Y106: 古兰格的兽爪（拍地）
A107: 45002 | B107: 爆散结晶-部分命中2 | C107: 3 | D107: 38 | E107: 0 | F107: 0 | G107: 0 | H107: 51 | I107: 0 | J107: 0 | K107: 0 | L107: 无 | M107: 结晶 | N107: 无 | O107: 无 | P107: 魔法 | Q107: 21 | R107: 2.8 | S107: 8 | V107: 0 | X107: 爆散结晶-部分命中2 | Y107: 古兰格的兽爪（爪）
A108: 45005 | B108: 爆散结晶-蓄力全命中 | C108: 3 | D108: 38 | E108: 0 | F108: 0 | G108: 0 | H108: 160 | I108: 0 | J108: 0 | K108: 0 | L108: 无 | M108: 结晶 | N108: 蓄力 | O108: 无 | P108: 魔法 | Q108: 21 | R108: 4.2 | S108: 1 | V108: 0 | X108: 爆散结晶-蓄力全命中 | Y108: 兽石
A109: 45006 | B109: 爆散结晶-蓄力部分命中1 | C109: 3 | D109: 38 | E109: 0 | F109: 0 | G109: 0 | H109: 75 | I109: 0 | J109: 0 | K109: 0 | L109: 无 | M109: 结晶 | N109: 蓄力 | O109: 无 | P109: 魔法 | Q109: 21 | R109: 4.2 | S109: 2 | V109: 0 | X109: 爆散结晶-蓄力部分命中1 | Y109: 古兰格的岩石
A110: 45007 | B110: 爆散结晶-蓄力部分命中2 | C110: 3 | D110: 38 | E110: 0 | F110: 0 | G110: 0 | H110: 67 | I110: 0 | J110: 0 | K110: 0 | L110: 无 | M110: 结晶 | N110: 蓄力 | O110: 无 | P110: 魔法 | Q110: 21 | R110: 4.2 | S110: 8 | V110: 0 | X110: 爆散结晶-蓄力部分命中2 | Y110: 鲁格利亚的咆哮
A111: 45200 | B111: 奔放结晶 | C111: 5 | D111: 47 | E111: 0 | F111: 0 | G111: 0 | H111: 57 | I111: 0 | J111: 0 | K111: 0 | L111: 无 | M111: 结晶 | N111: 无 | O111: 无 | P111: 魔法 | Q111: 20 | R111: 0.5 | S111: 8 | V111: 0 | X111: 奔放结晶 | Y111: 鲁格利亚的咆哮-蓄力-1
A112: 45101 | B112: 飞散结晶-升空 | C112: 1 | D112: 41 | E112: 0 | F112: 0 | G112: 0 | H112: 125 | I112: 0 | J112: 0 | K112: 0 | L112: 无 | M112: 结晶 | N112: 无 | O112: 无 | P112: 魔法 | Q112: 34 | R112: 2.6 | S112: 1 | V112: 0 | X112: 飞散结晶-升空 | Y112: 鲁格利亚的咆哮-蓄力持续
A113: 45100 | B113: 飞散结晶 | C113: 12 | D113: 41 | E113: 0 | F113: 0 | G113: 0 | H113: 100 | I113: 0 | J113: 0 | K113: 0 | L113: 无 | M113: 结晶 | N113: 无 | O113: 无 | P113: 魔法 | Q113: 34 | R113: 2.6 | S113: 8 | V113: 0 | X113: 飞散结晶 | Y113: 鲁格利亚的咆哮-蓄力-2
A114: 47200 | B114: 重力球 | C114: 1 | D114: 17 | E114: 0 | F114: 0 | G114: 0 | H114: 148 | I114: 0 | J114: 0 | K114: 0 | L114: 无 | M114: 重力 | N114: 无 | O114: 无 | P114: 魔法 | Q114: 12 | R114: 5 | S114: 2 | V114: 0 | X114: 重力球 | Y114: 鲁格利亚的咆哮-蓄力-3
A115: 47205 | B115: 重力球-蓄力 | C115: 1 | D115: 17 | E115: 0 | F115: 0 | G115: 0 | H115: 180 | I115: 0 | J115: 0 | K115: 0 | L115: 无 | M115: 重力 | N115: 蓄力 | O115: 无 | P115: 魔法 | Q115: 12 | R115: 9.25 | S115: 2 | V115: 0 | X115: 重力球-蓄力 | Y115: 蝇群
A116: 47210 | B116: 碎星 | C116: 9 | D116: 36 | E116: 0 | F116: 0 | G116: 0 | H116: 44 | I116: 0 | J116: 0 | K116: 0 | L116: 无 | M116: 重力 | N116: 无 | O116: 无 | P116: 魔法 | Q116: 18 | R116: 1.5 | S116: 1 | V116: 0 | X116: 碎星 | Y116: 蝇群（持续伤害）
... A141: 51015 | B141: 神谕大泡泡-蓄力 | C141: 1 | D141: 25 | E141: 0 | F141: 18 | G141: 0 | H141: 355 | I141: 0 | J141: 0 | K141: 0 | L141: 无 | M141: 无 | N141: 蓄力 | O141: 无 | P141: 魔法 | Q141: 16 | R141: 20 | S141: 3 | V141: 0 | X141: 神谕大泡泡-蓄力 | Y141: 熔岩吐息（岩浆）
A142: 49000 | B142: 罪恶荆棘（一段） | C142: 1 | D142: 0 | E142: 24 | F142: 0 | G142: 0 | H142: 200 | I142: 0 | J142: 0 | K142: 0 | L142: 无 | M142: 荆棘 | N142: 无 | O142: 无 | P142: 魔法 | Q142: 6 | R142: 7 | S142: 2 | T142: 95 | U142: 出血值 | V142: 1 | X142: 罪恶荆棘（一段） | Y142: 席欧朵利克的熔岩
A143: 49001 | B143: 罪恶荆棘（二段） | C143: 1 | D143: 0 | E143: 24 | F143: 0 | G143: 0 | H143: 232 | I143: 0 | J143: 0 | K143: 0 | L143: 无 | M143: 荆棘 | N143: 无 | O143: 无 | P143: 魔法 | Q143: 6 | R143: 7.5 | S143: 2 | T143: 95 | U143: 出血值 | V143: 1 | X143: 罪恶荆棘（二段） | Y143: 席欧朵利克的熔岩（岩浆）
A144: 49002 | B144: 罪恶荆棘（三段） | C144: 1 | D144: 0 | E144: 24 | F144: 0 | G144: 0 | H144: 233 | I144: 0 | J144: 0 | K144: 0 | L144: 无 | M144: 荆棘 | N144: 无 | O144: 无 | P144: 魔法 | Q144: 6 | R144: 8 | S144: 2 | T144: 95 | U144: 出血值 | V144: 1 | X144: 罪恶荆棘（三段） | Y144: 辉石吐息
A145: 49100 | B145: 责罚荆棘 | C145: 1 | D145: 0 | E145: 21 | F145: 0 | G145: 0 | H145: 212 | I145: 0 | J145: 0 | K145: 0 | L145: 无 | M145: 荆棘 | N145: 无 | O145: 无 | P145: 魔法 | Q145: 9 | R145: 7 | S145: 2 | T145: 72 | U145: 出血值 | V145: 1 | X145: 责罚荆棘 | Y145: 史玛拉格的辉石
A146: 210491000 | B146: 拒绝的刺 | C146: 6 | D146: 0 | E146: 24 | F146: 0 | G146: 0 | H146: 63 | I146: 0 | J146: 0 | K146: 0 | L146: 无 | M146: 荆棘 | N146: 无 | O146: 无 | P146: 魔法 | Q146: 15 | R146: 1.67 | S146: 2 | T146: 17 | U146: 出血值 | V146: 1 | X146: 拒绝的刺 | Y146: 腐败吐息
A147: 50000 | B147: 召唤怨魂 | C147: 6 | D147: 16 | E147: 14 | F147: 0 | G147: 0 | H147: 54 | I147: 0 | J147: 0 | K147: 0 | L147: 无 | M147: 死亡 | N147: 无 | O147: 无 | P147: 魔法 | Q147: 12 | R147: 1 | S147: 1 | V147: 0 | X147: 召唤怨魂 | Y147: 艾格基斯的腐败
A148: 50005 | B148: 召唤怨魂-蓄力 | C148: 6 | D148: 16 | E148: 14 | F148: 0 | G148: 0 | H148: 57 | I148: 0 | J148: 0 | K148: 0 | L148: 无 | M148: 死亡 | N148: 蓄力 | O148: 无 | P148: 魔法 | Q148: 12 | R148: 1.5 | S148: 1 | V148: 0 | X148: 召唤怨魂-蓄力 | Y148: 龙冰
A149: 50010 | B149: 古老死亡怨魂 | C149: 9 | D149: 34 | E149: 24 | F149: 0 | G149: 0 | H149: 49 | I149: 0 | J149: 0 | K149: 0 | L149: 无 | M149: 死亡 | N149: 无 | O149: 无 | P149: 魔法 | Q149: 21 | R149: 1.5 | S149: 3 | V149: 0 | X149: 古老死亡怨魂 | Y149: 玻列琉斯的冰雾
A150: 50015 | B150: 古老死亡怨魂-蓄力 | C150: 9 | D150: 34 | E150: 24 | F150: 0 | G150: 0 | H150: 52 | I150: 0 | J150: 0 | K150: 0 | L150: 无 | M150: 死亡 | N150: 蓄力 | O150: 无 | P150: 魔法 | Q150: 21 | R150: 2 | S150: 3 | V150: 0 | X150: 古老死亡怨魂-蓄力 | Y150: 灵火吐息
A151: 210500000 | B151: 灵魂光环 | C151: 6 | D151: 24 | E151: 18 | F151: 0 | G151: 0 | H151: 53 | I151: 0 | J151: 0 | K151: 0 | L151: 无 | M151: 无 | N151: 无 | O151: 守墓鸟 | P151: 魔法 | Q151: 14 | R151: 1 | S151: 0 | T151: 19 | U151: 冰冻值 | V151: 0 | X151: 灵魂光环 | Y151: 普拉顿桑克斯的凋亡（龙吼）
A152: 210500050 | B152: 灵魂光环-蓄力 | C152: 6 | D152: 24 | E152: 18 | F152: 0 | G152: 0 | H152: 63 | I152: 0 | J152: 0 | K152: 0 | L152: 无 | M152: 无 | N152: 蓄力 | O152: 守墓鸟 | P152: 魔法 | Q152: 14 | R152: 1.5 | S152: 0 | T152: 23 | U152: 冰冻值 | V152: 0 | X152: 灵魂光环-蓄力 | Y152: 普拉顿桑克斯的凋亡（喷火）
A153: 50100 | B153: 迸发灵火（爆炸） | C153: 1 | D153: 42 | E153: 30 | F153: 0 | G153: 0 | H153: 312 | I153: 0 | J153: 0 | K153: 0 | L153: 无 | M153: 死亡 | N153: 无 | O153: 无 | P153: 魔法 | Q153: 29 | R153: 16.1135 | S153: 7 | T153: 130 | U153: 冰冻值 | V153: 0 | X153: 迸发灵火（爆炸） | Y153: 龙爪（一段）
A154: 50101 | B154: 迸发灵火（燃烧） | C154: 8 | D154: 42 | E154: 30 | F154: 0 | G154: 0 | H154: 60 | I154: 0 | J154: 0 | K154: 0 | L154: 无 | M154: 死亡 | N154: 无 | O154: 无 | P154: 魔法 | Q154: 29 | R154: 1 | S154: 0 | T154: 38 | U154: 冰冻值 | V154: 0 | X154: 迸发灵火（燃烧） | Y154: 龙爪（一段）-震波
A155: 50300 | B155: 提比亚的唤声 | C155: 3 | D155: 28 | E155: 20 | F155: 0 | G155: 0 | H155: 125 | I155: 0 | J155: 0 | K155: 0 | L155: 无 | M155: 死亡 | N155: 无 | O155: 无 | P155: 魔法 | Q155: 17 | R155: 5 | S155: 2 | V155: 0 | X155: 提比亚的唤声 | Y155: 龙爪（二段）
A156: 210621000 | B156: 融泥块（投掷） | C156: 1 | D156: 28 | E156: 22 | F156: 0 | G156: 0 | H156: 80 | I156: 0 | J156: 0 | K156: 0 | L156: 无 | M156: 无 | N156: 无 | O156: 无 | P156: 魔法 | Q156: 41 | R156: 5 | S156: 1 | T156: 40 | U156: 冰冻值 | V156: 0 | X156: 融泥块（投掷） | Y156: 龙爪（二段）-震波
A157: 210621001 | B157: 融泥块（爆炸） | C157: 1 | D157: 28 | E157: 22 | F157: 0 | G157: 0 | H157: 200 | I157: 0 | J157: 0 | K157: 0 | L157: 无 | M157: 无 | N157: 无 | O157: 无 | P157: 魔法 | Q157: 41 | R157: 7 | S157: 3 | T157: 120 | U157: 冰冻值 | V157: 0 | X157: 融泥块（爆炸） | Y157: 龙咬
A158: 210621050 | B158: 融泥块（投掷）-蓄力 | C158: 1 | D158: 28 | E158: 22 | F158: 0 | G158: 0 | H158: 100 | I158: 0 | J158: 0 | K158: 0 | L158: 无 | M158: 无 | N158: 蓄力 | O158: 无 | P158: 魔法 | Q158: 41 | R158: 5 | S158: 1 | T158: 50 | U158: 冰冻值 | V158: 0 | X158: 融泥块（投掷）-蓄力 | Y158: 桂奥尔的咆哮
A159: 210621051 | B159: 融泥块（爆炸）-蓄力 | C159: 1 | D159: 28 | E159: 22 | F159: 0 | G159: 0 | H159: 300 | I159: 0 | J159: 0 | K159: 0 | L159: 无 | M159: 无 | N159: 蓄力 | O159: 无 | P159: 魔法 | Q159: 41 | R159: 13 | S159: 3 | T159: 150 | U159: 冰冻值 | V159: 0 | X159: 融泥块（爆炸）-蓄力 | Y159: 贝勒的残虐（咆哮）
A160: 210620000 | B160: 融泥漩 | C160: 1 | D160: 32 | E160: 26 | F160: 0 | G160: 0 | H160: 328 | I160: 0 | J160: 0 | K160: 0 | L160: 无 | M160: 无 | N160: 无 | O160: 无 | P160: 魔法 | Q160: 29 | R160: 5 | S160: 1 | T160: 170 | U160: 冰冻值 | V160: 0 | X160: 融泥漩 | Y160: 贝勒的残虐（岩浆）
A161: 64100 | B161: 黄金之怒 | C161: 1 | D161: 0 | E161: 32 | F161: 0 | G161: 0 | H161: 0 | I161: 0 | J161: 0 | K161: 350 | L161: 无 | M161: 无 | N161: 无 | O161: 无 | P161: 祷告 | Q161: 40 | R161: 12.025 | S161: 7 | V161: 0 | Y161: 贝勒的焰雷
A162: 64105 | B162: 黄金之怒-蓄力 | C162: 1 | D162: 0 | E162: 32 | F162: 0 | G162: 0 | H162: 0 | I162: 0 | J162: 0 | K162: 420 | L162: 无 | M162: 无 | N162: 蓄力 | O162: 无 | P162: 祷告 | Q162: 40 | R162: 16.8 | S162: 7 | V162: 0
A163: 210669000 | B163: 远方之怒 | C163: 1 | D163: 0 | E163: 34 | F163: 0 | G163: 0 | H163: 0 | I163: 0 | J163: 0 | K163: 100 | L163: 无 | M163: 无 | N163: 无 | O163: 无 | P163: 祷告 | Q163: 18 | R163: 10 | S163: 7 | V163: 0
A164: 210669050 | B164: 远方之怒-蓄力 | C164: 1 | D164: 0 | E164: 34 | F164: 0 | G164: 0 | H164: 0 | I164: 0 | J164: 0 | K164: 120 | L164: 无 | M164: 无 | N164: 蓄力 | O164: 无 | P164: 祷告 | Q164: 18 | R164: 15 | S164: 7 | V164: 0
A165: 75200 | B165: 熔炉百相之喉囊 | C165: 3 | D165: 0 | E165: 27 | F165: 0 | G165: 0 | H165: 0 | I165: 98 | J165: 0 | K165: 0 | L165: 无 | M165: 熔炉 | N165: 吐息 | O165: 无 | P165: 祷告 | Q165: 28 | R165: 4 | S165: 2 | V165: 0
A166: 75000 | B166: 熔炉百相之尾 | C166: 1 | D166: 0 | E166: 27 | F166: 0 | G166: 202 | H166: 0 | I166: 0 | J166: 0 | K166: 0 | L166: 普通 | M166: 熔炉 | N166: 无 | O166: 无 | P166: 祷告 | Q166: 20 | R166: 13 | S166: 2 | V166: 0
A167: 75005 | B167: 熔炉百相之尾-蓄力二段 | C167: 1 | D167: 0 | E167: 27 | F167: 0 | G167: 274 | H167: 0 | I167: 0 | J167: 0 | K167: 0 | L167: 普通 | M167: 熔炉 | N167: 蓄力 | O167: 无 | P167: 祷告 | Q167: 20 | R167: 39 | S167: 7 | V167: 0
A168: 75100 | B168: 熔炉百相之角 | C168: 1 | D168: 0 | E168: 27 | F168: 0 | G168: 277 | H168: 0 | I168: 0 | J168: 0 | K168: 0 | L168: 普通 | M168: 熔炉 | N168: 无 | O168: 无 | P168: 祷告 | Q168: 18 | R168: 16.1135 | S168: 3 | V168: 0
A169: 75105 | B169: 熔炉百相之角-蓄力 | C169: 1 | D169: 0 | E169: 27 | F169: 0 | G169: 327 | H169: 0 | I169: 0 | J169: 0 | K169: 0 | L169: 普通 | M169: 熔炉 | N169: 蓄力 | O169: 无 | P169: 祷告 | Q169: 18 | R169: 30 | S169: 9 | V169: 0
A170: 210665001 | B170: 熔炉百相之针（撞击） | C170: 1 | D170: 0 | E170: 27 | F170: 0 | G170: 120 | H170: 0 | I170: 0 | J170: 0 | K170: 0 | L170: 突刺 | M170: 熔炉 | N170: 无 | O170: 无 | P170: 祷告 | Q170: 14 | R170: 5 | S170: 2 | V170: 0
A171: 210665000 | B171: 熔炉百相之针（针） | C171: 4 | D171: 0 | E171: 27 | F171: 0 | G171: 45 | H171: 0 | I171: 0 | J171: 0 | K171: 0 | L171: 突刺 | M171: 熔炉 | N171: 无 | O171: 无 | P171: 祷告 | Q171: 14 | R171: 0.6 | S171: 1 | V171: 0
A172: 210666000 | B172: 熔炉百相之花 | C172: 4 | D172: 0 | E172: 27 | F172: 0 | G172: 0 | H172: 0 | I172: 0 | J172: 0 | K172: 80 | L172: 无 | M172: 熔炉 | N172: 无 | O172: 无 | P172: 祷告 | Q172: 23 | R172: 2 | S172: 1 | V172: 0
A173: 210666050 | B173: 熔炉百相之花-蓄力 | C173: 6 | D173: 0 | E173: 27 | F173: 0 | G173: 0 | H173: 0 | I173: 0 | J173: 0 | K173: 100 | L173: 无 | M173: 熔炉 | N173: 蓄力 | O173: 无 | P173: 祷告 | Q173: 23 | R173: 2 | S173: 1 | V173: 0
... A212: 69416 | B212: 弗尔桑克斯的雷枪-2-扩散 | C212: 1 | D212: 0 | E212: 46 | F212: 0 | G212: 0 | H212: 0 | I212: 0 | J212: 123 | K212: 0 | L212: 无 | M212: 古龙 | N212: 无 | O212: 无 | P212: 祷告 | Q212: 35 | R212: 5 | S212: 2 | V212: 0
A213: 69210 | B213: 冰雷枪（贴脸） | C213: 1 | D213: 0 | E213: 34 | F213: 0 | G213: 0 | H213: 0 | I213: 0 | J213: 240 | K213: 0 | L213: 无 | M213: 古龙 | N213: 无 | O213: 无 | P213: 祷告 | Q213: 29 | R213: 5 | S213: 2 | T213: 120 | U213: 冰冻值 | V213: 0
A214: 69211 | B214: 冰雷枪（前端及扩散） | C214: 1 | D214: 0 | E214: 34 | F214: 0 | G214: 0 | H214: 0 | I214: 0 | J214: 307 | K214: 0 | L214: 无 | M214: 古龙 | N214: 无 | O214: 无 | P214: 祷告 | Q214: 29 | R214: 5 | S214: 1 | T214: 107 | U214: 冰冻值 | V214: 0
A215: 50400 | B215: 死亡雷击 | C215: 1 | D215: 0 | E215: 47 | F215: 0 | G215: 0 | H215: 0 | I215: 0 | J215: 513 | K215: 0 | L215: 无 | M215: 古龙 | N215: 无 | O215: 无 | P215: 祷告 | Q215: 28 | R215: 5 | S215: 2 | T215: 50 | U215: 死亡值 | V215: 0
A216: 50405 | B216: 死亡雷击-蓄力 | C216: 1 | D216: 0 | E216: 47 | F216: 0 | G216: 0 | H216: 0 | I216: 0 | J216: 564 | K216: 0 | L216: 无 | M216: 古龙 | N216: 蓄力 | O216: 无 | P216: 祷告 | Q216: 28 | R216: 9.25 | S216: 2 | T216: 50 | U216: 死亡值 | V216: 0
A217: 210692001 | B217: 带电（爆炸） | C217: 1 | D217: 0 | E217: 30 | F217: 0 | G217: 0 | H217: 0 | I217: 0 | J217: 213 | K217: 0 | L217: 无 | M217: 古龙 | N217: 无 | O217: 无 | P217: 祷告 | Q217: 26 | R217: 7 | S217: 3 | V217: 0
A218: 210692051 | B218: 带电（爆炸）-蓄力 | C218: 1 | D218: 0 | E218: 30 | F218: 0 | G218: 0 | H218: 0 | I218: 0 | J218: 262 | K218: 0 | L218: 无 | M218: 古龙 | N218: 蓄力 | O218: 无 | P218: 祷告 | Q218: 26 | R218: 10 | S218: 3 | V218: 0
A219: 210770000 | B219: 黄金弯弧 | C219: 3 | D219: 0 | E219: 22 | F219: 0 | G219: 0 | H219: 0 | I219: 0 | J219: 0 | K219: 80 | L219: 无 | M219: 螺旋 | N219: 无 | O219: 无 | P219: 祷告 | Q219: 12 | R219: 5 | S219: 0 | V219: 0
A220: 210770050 | B220: 黄金弯弧-蓄力 | C220: 3 | D220: 0 | E220: 22 | F220: 0 | G220: 0 | H220: 0 | I220: 0 | J220: 0 | K220: 95 | L220: 无 | M220: 螺旋 | N220: 蓄力 | O220: 无 | P220: 祷告 | Q220: 12 | R220: 5 | S220: 1 | V220: 0
A221: 210771000 | B221: 黄金大弯弧 | C221: 1 | D221: 0 | E221: 34 | F221: 0 | G221: 0 | H221: 0 | I221: 0 | J221: 0 | K221: 215 | L221: 无 | M221: 螺旋 | N221: 无 | O221: 无 | P221: 祷告 | Q221: 24 | R221: 8 | S221: 1 | V221: 0
...

Sheet SpellData
B1: 类型 | C1: 耗蓝 | D1: 蓄力耗蓝 | E1: 持续耗蓝 | F1: 可蓄力/持续 | G1: 持续id | J1: 默认id | P1: 蓄力
A2: 辉石魔砾 | B2: 魔法 | C2: 7 | D2: 7 | J2: 40000
A3: 辉石迅魔砾 | B3: 魔法 | C3: 5 | D3: 5 | J3: 40100
A4: 辉石大魔砾 | B4: 魔法 | C4: 12 | D4: 12 | J4: 40010
A5: 辉石彗星 | B5: 魔法 | C5: 17 | D5: 17 | F5: 1 | J5: 40200 | P5: 40201
A6: 帚星 | B6: 魔法 | C6: 24 | D6: 24 | F6: 1 | J6: 40210 | P6: 40211
A7: 旋飞魔砾 | B7: 魔法 | C7: 14 | D7: 14 | F7: 1 | J7: 40300 | P7: 40301
A8: 辉石流星 | B8: 魔法 | C8: 12 | D8: 12 | F8: 1 | J8: 40400 | K8: 40401 | L8: 40402 | P8: 40405 | Q8: 40406 | R8: 40407
A9: 流星雨 | B9: 魔法 | C9: 23 | D9: 23 | F9: 1 | J9: 40500 | K9: 40501 | L9: 40502 | M9: 40503 | N9: 40504 | O9: 40505 | P9: 40510 | Q9: 40511 | R9: 40512 | S9: 40513 | T9: 40514 | U9: 40515
A10: 辉石弯弧 | B10: 魔法 | C10: 9 | D10: 9 | J10: 40070
A11: 结晶连弹 | B11: 魔法 | C11: 14 | D11: 14 | E11: 2 | F11: 1 | G11: 40600 | J11: 40600 | P11: 40600
A12: 结晶散射 | B12: 魔法 | C12: 14 | D12: 14 | F12: 1 | J12: 40900 | P12: 40905
A13: 海摩炮弹 | B13: 魔法 | C13: 38 | D13: 38 | F13: 1 | J13: 40801 | P13: 40806
A14: 海摩大槌（本体） | B14: 魔法 | C14: 22 | D14: 22 | J14: 41200
A15: 海摩大槌（溅射） | B15: 魔法 | C15: 22 | D15: 22 | J15: 41205
A16: 爆碎岩盘（一段） | B16: 魔法 | C16: 10 | D16: 10 | J16: 41003 | K16: 41002 | L16: 41000
A17: 爆碎岩盘（二段） | B17: 魔法 | C17: 10 | D17: 10 | J17: 41003 | K17: 41001
A18: 爆破岩盘 | B18: 魔法 | C18: 22 | D18: 22 | E18: 5 | F18: 1 | G18: 41100 | J18: 41100 | K18: 41101 | P18: 41100 | Q18: 41101
A19: 彗星亚兹勒 | B19: 魔法 | C19: 40 | D19: 40 | E19: 10 | F19: 1 | G19: 42002 | H19: 42001 | I19: 42003 | J19: 42000 | K19: 42002 | L19: 42001 | M19: 42003 | N19: 42004 | P19: 42000 | Q19: 42002 | R19: 42001 | S19: 42003 | T19: 42004
A20: 毁灭流星 | B20: 魔法 | C20: 32 | D20: 32 | F20: 1 | J20: 42200 | K20: 42202 | L20: 42204 | M20: 42206 | P20: 42210 | Q20: 42212 | R20: 42214 | S20: 42216
A21: 创星雨 | B21: 魔法 | C21: 27 | D21: 27 | F21: 1 | J21: 42100 | P21: 42105
A22: 魔法辉剑 | B22: 魔法 | C22: 12 | D22: 12 | F22: 1 | J22: 43900 | P22: 43905
A23: 魔法三辉剑 | B23: 魔法 | C23: 19 | D23: 19 | F23: 1 | J23: 210431000 | P23: 210431050
A24: 辉剑圆阵 | B24: 魔法 | C24: 18 | D24: 18 | J24: 43000
A25: 卡利亚圆阵 | B25: 魔法 | C25: 24 | D25: 24 | J25: 43010
A26: 巨剑阵 | B26: 魔法 | C26: 30 | D26: 30 | J26: 43020
A27: 天降魔力 | B27: 魔法 | C27: 18 | D27: 18 | J27: 43702
A28: 罗蕾塔的大弓 | B28: 魔法 | C28: 24 | D28: 24 | F28: 1 | J28: 43800 | P28: 43805
A29: 罗蕾塔的绝招 | B29: 魔法 | C29: 39 | D29: 39 | F29: 1 | J29: 43810 | P29: 43815
A30: 蕾娜菈的满月 | B30: 魔法 | C30: 47 | D30: 47 | J30: 43600
A31: 菈妮的暗月 | B31: 魔法 | C31: 57 | D31: 57 | J31: 43610
A32: 蕾菈娜的双月 | B32: 魔法 | C32: 47 | D32: 47 | J32: 210432000 | K32: 210432002
A33: 卡利亚迅剑 | B33: 魔法 | C33: 4 | D33: 4 | J33: 44400
A34: 卡利亚大剑 | B34: 魔法 | C34: 12 | D34: 12 | J34: 44300
A35: 卡利亚贯刺 | B35: 魔法 | C35: 17 | D35: 17 | F35: 1 | J35: 44500 | P35: 44505
A36: 亚杜拉的月光剑 | B36: 魔法 | C36: 22 | D36: 22 | J36: 44310 | K36: 44319
A37: 奇袭魔砾 | B37: 魔法 | C37: 13 | D37: 13 | J37: 46000
A38: 黑夜魔砾 | B38: 魔法 | C38: 7 | D38: 7 | J38: 46100
A39: 黑夜彗星 | B39: 魔法 | C39: 21 | D39: 21 | F39: 1 | J39: 46200 | P39: 46201
A40: 熔岩球 | B40: 魔法 | C40: 16 | D40: 16 | F40: 1 | J40: 48000 | K40: 48003 | P40: 48005 | Q40: 48007
A41: 格密尔之怒 | B41: 魔法 | C41: 16 | D41: 16 | E41: 3 | F41: 1 | G41: 48100 | J41: 48108 | K41: 48100 | P41: 48108 | Q41: 48100
A42: 滚烫熔岩（直击） | B42: 魔法 | C42: 28 | D42: 28 | F42: 1 | J42: 48200 | P42: 48210
A43: 滚烫熔岩（爆炸） | B43: 魔法 | C43: 28 | D43: 28 | J43: 48204 | K43: 48206 | P43: 48214 | Q43: 48216
A44: 拉卡德的怨魂 | B44: 魔法 | C44: 23 | D44: 23 | J44: 48300
A45: 辉石冰块 | B45: 魔法 | C45: 12 | D45: 12 | J45: 44000
A46: 萨米尔冰风暴 | B46: 魔法 | C46: 17 | D46: 17 | F46: 1 | J46: 44100 | K46: 44101 | P46: 44105 | Q46: 44106
A47: 爆散结晶 | B47: 魔法 | C47: 21 | D47: 21 | F47: 1 | J47: 45000 | P47: 45005
A48: 奔放结晶 | B48: 魔法 | C48: 20 | D48: 20 | E48: 5 | J48: 45200
A49: 飞散结晶 | B49: 魔法 | C49: 34 | D49: 34 | J49: 45101 | K49: 45100
A50: 重力球 | B50: 魔法 | C50: 12 | D50: 12 | F50: 1 | J50: 47200 | P50: 47205
A51: 碎星 | B51: 魔法 | C51: 18 | D51: 18 | F51: 1 | J51: 47210 | P51: 47215
A52: 引力球 | B52: 魔法 | C52: 18 | D52: 18 | F52: 1 | J52: 210471001 | K52: 210471002 | P52: 210471051 | Q52: 210471052
A53: 引力球（对地） | B53: 魔法 | C53: 18 | D53: 18 | F53: 1 | J53: 210471002 | P53: 210471052
A54: 岩石球 | B54: 魔法 | C54: 18 | D54: 18 | J54: 47100
A55: 岩块刀刃 | B55: 魔法 | C55: 18 | D55: 18 | F55: 1 | J55: 210470000 | P55: 210470050 | Q55: 210470051
A56: 陨石 | B56: 魔法 | C56: 30 | D56: 30 | E56: 30 | F56: 1 | G56: 47000 | J56: 47000 | P56: 47000
A57: 艾丝缇陨石 | B57: 魔法 | C57: 60 | D57: 60 | E57: 60 | F57: 1 | G57: 47010 | J57: 47010 | P57: 47010
A58: 辉石指爪 | B58: 魔法 | C58: 10 | D58: 10 | F58: 1 | J58: 210450000 | P58: 210450050
A59: 辉石繁指爪 | B59: 魔法 | C59: 23 | D59: 23 | F59: 1 | J59: 210451000 | P59: 210451050
A60: 虚幻小宇宙 | B60: 魔法 | C60: 26 | D60: 26 | F60: 1 | J60: 210741000 | K60: 210741001 | P60: 210741050 | Q60: 210741051
A61: 守护指头 | B61: 魔法 | C61: 20 | D61: 20 | F61: 1 | J61: 210742000 | P61: 210742050
A62: 神谕泡泡 | B62: 魔法 | C62: 12 | D62: 12 | F62: 1 | J62: 51000 | P62: 51005
A63: 神谕大泡泡 | B63: 魔法 | C63: 16 | D63: 16 | F63: 1 | J63: 51010 | P63: 51015
A64: 罪恶荆棘（一段） | B64: 魔法 | C64: 6 | D64: 6 | J64: 49000
A65: 罪恶荆棘（二段） | B65: 魔法 | C65: 6 | D65: 6 | J65: 49001
A66: 罪恶荆棘（三段） | B66: 魔法 | C66: 6 | D66: 6 | J66: 49002
A67: 责罚荆棘 | B67: 魔法 | C67: 9 | D67: 9 | J67: 49100
A68: 拒绝的刺 | B68: 魔法 | C68: 15 | D68: 15 | J68: 210491000
A69: 召唤怨魂 | B69: 魔法 | C69: 12 | D69: 12 | F69: 1 | J69: 50000 | P69: 50005
A70: 古老死亡怨魂 | B70: 魔法 | C70: 21 | D70: 21 | F70: 1 | J70: 50010 | P70: 50015
A71: 灵魂光环 | B71: 魔法 | C71: 14 | D71: 14 | F71: 1 | J71: 210500000 | P71: 210500050
A72: 迸发灵火 | B72: 魔法 | C72: 29 | D72: 29 | J72: 50100 | K72: 50101
A73: 提比亚的唤声 | B73: 魔法 | C73: 17 | D73: 17 | J73: 50300
A74: 融泥块 | B74: 魔法 | C74: 41 | D74: 41 | F74: 1 | J74: 210621000 | K74: 210621001 | P74: 210621050 | Q74: 210621051
A75: 融泥漩 | B75: 魔法 | C75: 29 | D75: 29 | J75: 210620000
A76: 黄金之怒 | B76: 祷告 | C76: 40 | D76: 40 | F76: 1 | J76: 64100 | P76: 64105
A77: 远方之怒 | B77: 祷告 | C77: 18 | D77: 18 | F77: 1 | J77: 210669000 | P77: 210669050
A78: 熔炉百相之喉囊 | B78: 祷告 | C78: 28 | D78: 72 | F78: 1 | J78: 75200 | P78: 75200 | Q78: 75200 | R78: 75200
A79: 熔炉百相之尾 | B79: 祷告 | C79: 20 | D79: 20 | F79: 1 | J79: 75000 | P79: 75000 | Q79: 75005
A80: 熔炉百相之角 | B80: 祷告 | C80: 18 | D80: 18 | F80: 1 | J80: 75100 | P80: 75105
A81: 熔炉百相之针 | B81: 祷告 | C81: 14 | D81: 14 | F81: 1 | J81: 210665001 | K81: 210665000 | P81: 210665001 | Q81: 210665000 | R81: 210665001 | S81: 210665000 | T81: 210665001
A82: 熔炉百相之花 | B82: 祷告 | C82: 23 | D82: 23 | F82: 1 | J82: 210666000 | P82: 210666050
A83: 幽影之地 | B83: 祷告 | C83: 40 | D83: 40 | J83: 210668000 | K83: 210668001
A84: 艾尔登流星 | B84: 祷告 | C84: 41 | D84: 41 | J84: 67201 | K84: 67200 | L84: 67202
A85: 黑剑（一段） | B85: 祷告 | C85: 26 | D85: 26 | J85: 75300 | K85: 75301
A86: 黑剑（二段） | B86: 祷告 | C86: 26 | D86: 26 | J86: 75302 | K86: 75303
A87: 光环 | B87: 祷告 | C87: 3 | D87: 3 | J87: 67000
A88: 化三光环 | B88: 祷告 | C88: 23 | D88: 23 | J88: 67010
A89: 拉达冈的光环 | B89: 祷告 | C89: 21 | D89: 21 | F89: 1 | J89: 67100 | P89: 67105
A90: 相迭光环 | B90: 祷告 | C90: 23 | D90: 23 | F90: 1 | J90: 210671000 | K90: 210671001 | P90: 210671050 | Q90: 210671051
A91: 纠死圣律 | B91: 祷告 | C91: 17 | D91: 17 | J91: 67500
A92: 米凯拉的光 | B92: 祷告 | C92: 48 | D92: 48 | J92: 210670000 | K92: 210670001
A93: 雷电枪 | B93: 祷告 | C93: 18 | D93: 18 | F93: 1 | J93: 69000 | P93: 69005
A94: 骑士雷电枪 | B94: 祷告 | C94: 29 | D94: 29 | F94: 1 | J94: 210690000 | P94: 210690050
A95: 雷击 | B95: 祷告 | C95: 19 | D95: 19 | J95: 69200
A96: 精准雷击 | B96: 祷告 | C96: 12 | D96: 12 | J96: 69300
A97: 古龙雷枪（贴脸） | B97: 祷告 | C97: 25 | D97: 25 | J97: 69400
A98: 古龙雷枪（前端） | B98: 祷告 | C98: 25 | D98: 25 | J98: 69402 | K98: 69401
A99: 古龙雷击 | B99: 祷告 | C99: 36 | D99: 36 | F99: 1 | J99: 69100 | P99: 69105
A100: 兰斯桑克斯的刀（本体） | B100: 祷告 | C100: 22 | D100: 22 | J100: 69500
...

Sheet AtkCorrect
A1: ID | B1: 力补物 | C1: 敏补物 | D1: 智补物 | E1: 信补物 | F1: 感补物 | G1: 力补魔 | H1: 敏补魔 | I1: 智补魔 | J1: 信补魔 | K1: 感补魔 | L1: 力补火 | M1: 敏补火 | N1: 智补火 | O1: 信补火 | P1: 感补火 | Q1: 力补雷 | R1: 敏补雷 | S1: 智补雷 | T1: 信补雷 | U1: 感补雷 | V1: 力补圣 | W1: 敏补圣 | X1: 智补圣 | Y1: 信补圣 | Z1: 感补圣
A2: 0 | B2: 0 | C2: 0 | D2: 0 | E2: 0 | F2: 0 | G2: 0 | H2: 0 | I2: 0 | J2: 0 | K2: 0 | L2: 0 | M2: 0 | N2: 0 | O2: 0 | P2: 0 | Q2: 0 | R2: 0 | S2: 0 | T2: 0 | U2: 0 | V2: 0 | W2: 0 | X2: 0 | Y2: 0 | Z2: 0
A3: 10 | B3: 0 | C3: 0 | D3: 0 | E3: 0 | F3: 0 | G3: 0 | H3: 0 | I3: 0 | J3: 0 | K3: 0 | L3: 0 | M3: 0 | N3: 0 | O3: 0 | P3: 0 | Q3: 1 | R3: 1 | S3: 0 | T3: 0 | U3: 0 | V3: 0 | W3: 0 | X3: 0 | Y3: 0 | Z3: 0
A4: 1000 | B4: 0 | C4: 0 | D4: 0 | E4: 0 | F4: 0 | G4: 0 | H4: 0 | I4: 0 | J4: 0 | K4: 0 | L4: 1 | M4: 1 | N4: 1 | O4: 0 | P4: 0 | Q4: 0 | R4: 0 | S4: 0 | T4: 0 | U4: 0 | V4: 0 | W4: 0 | X4: 0 | Y4: 0 | Z4: 0
A5: 1001 | B5: 0 | C5: 0 | D5: 0 | E5: 0 | F5: 0 | G5: 0 | H5: 0 | I5: 0 | J5: 0 | K5: 0 | L5: 0 | M5: 0 | N5: 0 | O5: 0 | P5: 0 | Q5: 0 | R5: 0 | S5: 1 | T5: 1 | U5: 0 | V5: 0 | W5: 0 | X5: 0 | Y5: 0 | Z5: 0
A6: 1002 | B6: 0 | C6: 0 | D6: 0 | E6: 0 | F6: 0 | G6: 0 | H6: 0 | I6: 0 | J6: 0 | K6: 0 | L6: 0 | M6: 0 | N6: 0 | O6: 0 | P6: 0 | Q6: 0 | R6: 0 | S6: 0 | T6: 0 | U6: 0 | V6: 0 | W6: 0 | X6: 0 | Y6: 1 | Z6: 0
A7: 1010 | B7: 1 | C7: 1 | D7: 0 | E7: 0 | F7: 0 | G7: 0 | H7: 0 | I7: 0 | J7: 0 | K7: 0 | L7: 0 | M7: 0 | N7: 0 | O7: 0 | P7: 0 | Q7: 0 | R7: 0 | S7: 0 | T7: 0 | U7: 0 | V7: 0 | W7: 0 | X7: 0 | Y7: 0 | Z7: 0
A8: 1011 | B8: 1 | C8: 1 | D8: 0 | E8: 0 | F8: 0 | G8: 0 | H8: 0 | I8: 0 | J8: 0 | K8: 0 | L8: 0 | M8: 0 | N8: 0 | O8: 0 | P8: 0 | Q8: 0 | R8: 0 | S8: 0 | T8: 0 | U8: 0 | V8: 0 | W8: 0 | X8: 0 | Y8: 0 | Z8: 0
A9: 1012 | B9: 1 | C9: 1 | D9: 0 | E9: 0 | F9: 0 | G9: 0 | H9: 0 | I9: 0 | J9: 0 | K9: 0 | L9: 0 | M9: 0 | N9: 0 | O9: 0 | P9: 0 | Q9: 0 | R9: 0 | S9: 0 | T9: 0 | U9: 0 | V9: 0 | W9: 0 | X9: 0 | Y9: 0 | Z9: 0
A10: 1013 | B10: 1 | C10: 1 | D10: 0 | E10: 0 | F10: 0 | G10: 0 | H10: 0 | I10: 0 | J10: 0 | K10: 0 | L10: 0 | M10: 0 | N10: 0 | O10: 0 | P10: 0 | Q10: 0 | R10: 0 | S10: 0 | T10: 0 | U10: 0 | V10: 0 | W10: 0 | X10: 0 | Y10: 0 | Z10: 0
A11: 1014 | B11: 1 | C11: 1 | D11: 0 | E11: 0 | F11: 0 | G11: 0 | H11: 0 | I11: 0 | J11: 0 | K11: 0 | L11: 0 | M11: 0 | N11: 0 | O11: 0 | P11: 0 | Q11: 0 | R11: 0 | S11: 0 | T11: 0 | U11: 0 | V11: 0 | W11: 0 | X11: 0 | Y11: 0 | Z11: 0
A12: 1015 | B12: 1 | C12: 1 | D12: 0 | E12: 0 | F12: 0 | G12: 0 | H12: 0 | I12: 0 | J12: 0 | K12: 0 | L12: 0 | M12: 0 | N12: 0 | O12: 0 | P12: 0 | Q12: 0 | R12: 0 | S12: 0 | T12: 0 | U12: 0 | V12: 0 | W12: 0 | X12: 0 | Y12: 0 | Z12: 0
A13: 1016 | B13: 1 | C13: 1 | D13: 0 | E13: 0 | F13: 0 | G13: 0 | H13: 0 | I13: 0 | J13: 0 | K13: 0 | L13: 0 | M13: 0 | N13: 0 | O13: 0 | P13: 0 | Q13: 0 | R13: 0 | S13: 0 | T13: 0 | U13: 0 | V13: 0 | W13: 0 | X13: 0 | Y13: 0 | Z13: 0
... A185: 20203190 | B185: 0 | C185: 0 | D185: 0 | E185: 0 | F185: 0 | G185: 0 | H185: 0 | I185: 0 | J185: 0 | K185: 0 | L185: 0 | M185: 0 | N185: 1 | O185: 1 | P185: 1 | Q185: 0 | R185: 0 | S185: 0 | T185: 0 | U185: 0 | V185: 0 | W185: 0 | X185: 0 | Y185: 0 | Z185: 0

Sheet Weapon
A1: ID | B1: 武器 | C1: 类型 | D1: 智需求 | E1: 信需求 | F1: 感需求 | G1: 失色石 | H1: 强化曲线 | I1: 力补正 | J1: 敏补正 | K1: 智补正 | L1: 信补正 | M1: 感补正 | N1: 物成长 | O1: 魔成长 | P1: 火成长 | Q1: 雷成长 | R1: 圣成长 | S1: 异常成长 | T1: 补正修正 | U1: 耗精倍率 | V1: 加成值 | W1: 特殊 | Y1: 法杖 | Z1: 印记
A2: 33000000 | B2: 辉石杖 | C2: 法杖 | D2: 10 | E2: 0 | F2: 0 | G2: 0 | H2: 1900 | I2: 12 | J2: 0 | K2: 85 | L2: 0 | M2: 0 | N2: 16 | O2: 16 | P2: 16 | Q2: 16 | R2: 16 | S2: 6 | T2: 20000 | U2: 1 | V2: 1 | W2: 无 | Y2: {=_xlfn._xlws.FILTER($B$2:$B$35,$C$2:$C$35=Y1)} -> 辉石杖 | Z2: {=_xlfn._xlws.FILTER($B$2:$B$35,$C$2:$C$35=Z1)} -> 无上远方杖
A3: 33040000 | B3: 结晶杖 | C3: 法杖 | D3: 48 | E3: 0 | F3: 0 | G3: 2200 | H3: 2400 | I3: 25 | J3: 0 | K3: 94 | L3: 0 | M3: 0 | N3: 15 | O3: 15 | P3: 15 | Q3: 15 | R3: 15 | S3: 6 | T3: 20000 | U3: 1.09 | V3: 1.1 | W3: 结晶 | Y3: 结晶杖 | Z3: 指头圣印记
A4: 33050000 | B4: 格密尔辉石杖 | C4: 法杖 | D4: 14 | E4: 14 | F4: 0 | G4: 0 | H4: 1900 | I4: 12 | J4: 0 | K4: 40 | L4: 40 | M4: 0 | N4: 12 | O4: 12 | P4: 12 | Q4: 12 | R4: 12 | S4: 6 | T4: 20010 | U4: 0.97 | V4: 1.15 | W4: 格密尔 | Y4: 格密尔辉石杖 | Z4: 狩猎神祇圣印记
A5: 33060000 | B5: 亚人女王杖 | C5: 法杖 | D5: 10 | E5: 0 | F5: 0 | G5: 0 | H5: 1900 | I5: 25 | J5: 0 | K5: 75 | L5: 0 | M5: 0 | N5: 14 | O5: 14 | P5: 14 | Q5: 14 | R5: 14 | S5: 6 | T5: 20000 | U5: 1 | V5: 1 | W5: 无 | Y5: 亚人女王杖 | Z5: 巨人圣印记
A6: 33090000 | B6: 卡利亚权杖 | C6: 法杖 | D6: 60 | E6: 0 | F6: 0 | G6: 2200 | H6: 2400 | I6: 12 | J6: 10 | K6: 96 | L6: 0 | M6: 0 | N6: 15 | O6: 15 | P6: 15 | Q6: 15 | R6: 15 | S6: 6 | T6: 20000 | U6: 1 | V6: 1.1 | W6: 满月 | Y6: 卡利亚权杖 | Z6: 碎石圣印记
A7: 33120000 | B7: 挖石杖 | C7: 法杖 | D7: 12 | E7: 0 | F7: 0 | G7: 0 | H7: 1900 | I7: 25 | J7: 0 | K7: 76 | L7: 0 | M7: 0 | N7: 16 | O7: 16 | P7: 16 | Q7: 16 | R7: 16 | S7: 6 | T7: 20000 | U7: 1.09 | V7: 1.2 | W7: 挖石 | Y7: 挖石杖 | Z7: 爪痕圣印记
A8: 33130000 | B8: 观星杖 | C8: 法杖 | D8: 16 | E8: 0 | F8: 0 | G8: 0 | H8: 1900 | I8: 12 | J8: 0 | K8: 89 | L8: 0 | M8: 0 | N8: 16 | O8: 16 | P8: 16 | Q8: 16 | R8: 16 | S8: 6 | T8: 20000 | U8: 1 | V8: 1 | W8: 无 | Y8: 观星杖 | Z8: 黄金律法圣印记
A9: 33170000 | B9: 卡利亚辉剑杖 | C9: 法杖 | D9: 22 | E9: 0 | F9: 0 | G9: 0 | H9: 1900 | I9: 12 | J9: 10 | K9: 88 | L9: 0 | M9: 0 | N9: 16 | O9: 16 | P9: 16 | Q9: 16 | R9: 16 | S9: 6 | T9: 20000 | U9: 0.97 | V9: 1.15 | W9: 辉剑 | Y9: 卡利亚辉剑杖 | Z9: 黄金树圣印记
A10: 33180000 | B10: 死王子杖 | C10: 法杖 | D10: 18 | E10: 18 | F10: 0 | G10: 0 | H10: 1900 | I10: 12 | J10: 0 | K10: 58 | L10: 58 | M10: 0 | N10: 15 | O10: 15 | P10: 15 | Q10: 15 | R10: 15 | S10: 6 | T10: 20010 | U10: 1 | V10: 1.1 | W10: 死亡 | Y10: 死王子杖 | Z10: 龙飨印记
A11: 33190000 | B11: 白金杖 | C11: 法杖 | D11: 10 | E11: 0 | F11: 12 | G11: 0 | H11: 1900 | I11: 12 | J11: 0 | K11: 30 | L11: 0 | M11: 70 | N11: 12 | O11: 12 | P11: 12 | Q11: 12 | R11: 12 | S11: 11 | T11: 20030 | U11: 0.97 | V11: 1 | W11: 无 | Y11: 白金杖 | Z11: 癫火圣印记
A12: 33200000 | B12: 学院辉石杖 | C12: 法杖 | D12: 28 | E12: 0 | F12: 0 | G12: 0 | H12: 1900 | I12: 12 | J12: 0 | K12: 91 | L12: 0 | M12: 0 | N12: 16 | O12: 16 | P12: 16 | Q12: 16 | R12: 16 | S12: 6 | T12: 20000 | U12: 1 | V12: 1 | W12: 无 | Y12: 学院辉石杖 | Z12: 落叶圣印记
A13: 33210000 | B13: 卡利亚辉石杖 | C13: 法杖 | D13: 24 | E13: 0 | F13: 0 | G13: 0 | H13: 1900 | I13: 12 | J13: 0 | K13: 85 | L13: 0 | M13: 0 | N13: 16 | O13: 16 | P13: 16 | Q13: 16 | R13: 16 | S13: 6 | T13: 20000 | U13: 1 | V13: 1.15 | W13: 卡利亚剑 | Y13: 卡利亚辉石杖 | Z13: 火焰骑士圣印记
A14: 33230000 | B14: 亚兹勒的辉石杖 | C14: 法杖 | D14: 52 | E14: 0 | F14: 0 | G14: 2200 | H14: 2400 | I14: 25 | J14: 0 | K14: 92 | L14: 0 | M14: 0 | N14: 15 | O14: 15 | P14: 15 | Q14: 15 | R14: 15 | S14: 6 | T14: 20000 | U14: 1.045 | V14: 1 | W14: 无 | Y14: 亚兹勒的辉石杖 | Z14: 螺旋树圣印记
A15: 33240000 | B15: 卢瑟特的辉石杖 | C15: 法杖 | D15: 52 | E15: 0 | F15: 0 | G15: 2200 | H15: 2400 | I15: 25 | J15: 0 | K15: 110 | L15: 0 | M15: 0 | N15: 15 | O15: 15 | P15: 15 | Q15: 15 | R15: 15 | S15: 6 | T15: 20000 | U15: 1.045 | V15: 1 | W15: 无 | Y15: 卢瑟特的辉石杖
A16: 33250000 | B16: 陨石杖 | C16: 法杖 | D16: 18 | E16: 0 | F16: 0 | G16: 0 | H16: 3000 | I16: 25 | J16: 0 | K16: 192 | L16: 0 | M16: 0 | N16: 16 | O16: 16 | P16: 16 | Q16: 16 | R16: 16 | S16: 6 | T16: 20000 | U16: 1.09 | V16: 1.3 | W16: 重力 | Y16: 陨石杖
A17: 33260000 | B17: 罪人杖 | C17: 法杖 | D17: 0 | E17: 12 | F17: 0 | G17: 0 | H17: 1900 | I17: 25 | J17: 0 | K17: 0 | L17: 76 | M17: 0 | N17: 16 | O17: 16 | P17: 16 | Q17: 16 | R17: 16 | S17: 6 | T17: 20020 | U17: 1.09 | V17: 1.2 | W17: 荆棘 | Y17: 罪人杖
A18: 33270000 | B18: 腐败结晶杖 | C18: 法杖 | D18: 48 | E18: 0 | F18: 0 | G18: 2200 | H18: 2400 | I18: 25 | J18: 0 | K18: 93 | L18: 0 | M18: 0 | N18: 15 | O18: 15 | P18: 15 | Q18: 15 | R18: 15 | S18: 6 | T18: 20000 | U18: 1.09 | V18: 1.1 | W18: 结晶 | Y18: 腐败结晶杖
A19: 33280000 | B19: 丧失杖 | C19: 法杖 | D19: 14 | E19: 0 | F19: 0 | G19: 0 | H19: 1900 | I19: 12 | J19: 10 | K19: 84 | L19: 0 | M19: 0 | N19: 15 | O19: 15 | P19: 15 | Q19: 15 | R19: 15 | S19: 6 | T19: 20000 | U19: 0.97 | V19: 1.3 | W19: 黑夜 | Y19: 丧失杖
A20: 33520000 | B20: 母亲杖 | C20: 法杖 | D20: 21 | E20: 0 | F20: 21 | G20: 0 | H20: 1900 | I20: 12 | J20: 0 | K20: 55 | L20: 0 | M20: 55 | N20: 15 | O20: 15 | P20: 15 | Q20: 15 | R20: 15 | S20: 6 | T20: 20030 | U20: 1.03 | V20: 1.15 | W20: 指头 | Y20: 母亲杖
A21: 33510000 | B21: 无上远方杖 | C21: 法杖 | D21: 25 | E21: 25 | F21: 0 | G21: 2200 | H21: 2400 | I21: 12 | J21: 0 | K21: 46 | L21: 46 | M21: 0 | N21: 12 | O21: 12 | P21: 12 | Q21: 12 | R21: 12 | S21: 6 | T21: 20010 | U21: 1.03 | V21: 1 | W21: 无 | Y21: 无上远方杖
A22: 2530000 | B22: 卡利亚魔法剑 | C22: 法杖 | D22: 16 | E22: 0 | F22: 0 | G22: 0 | H22: 1300 | I22: 10 | J22: 39 | K22: 47 | L22: 0 | M22: 0 | N22: 0 | O22: 4 | P22: 0 | Q22: 0 | R22: 0 | S22: 6 | T22: 10000 | U22: 0.985 | V22: 1 | W22: 无 | Y22: 卡利亚魔法剑
A23: 33510000 | B23: 无上远方杖 | C23: 印记 | D23: 25 | E23: 25 | F23: 0 | G23: 2200 | H23: 2400 | I23: 12 | J23: 0 | K23: 46 | L23: 46 | M23: 0 | N23: 12 | O23: 12 | P23: 12 | Q23: 12 | R23: 12 | S23: 6 | T23: 20010 | U23: 1.03 | V23: 1 | W23: 无
A24: 34000000 | B24: 指头圣印记 | C24: 印记 | D24: 0 | E24: 10 | F24: 0 | G24: 0 | H24: 1900 | I24: 15 | J24: 0 | K24: 0 | L24: 83 | M24: 0 | N24: 16 | O24: 16 | P24: 16 | Q24: 16 | R24: 16 | S24: 6 | T24: 30000 | U24: 1 | V24: 1 | W24: 无
A25: 34010000 | B25: 狩猎神祇圣印记 | C25: 印记 | D25: 0 | E25: 27 | F25: 0 | G25: 0 | H25: 1900 | I25: 15 | J25: 0 | K25: 0 | L25: 85 | M25: 0 | N25: 16 | O25: 16 | P25: 16 | Q25: 16 | R25: 16 | S25: 6 | T25: 30000 | U25: 1 | V25: 1.1 | W25: 狩猎
A26: 34020000 | B26: 巨人圣印记 | C26: 印记 | D26: 0 | E26: 14 | F26: 0 | G26: 0 | H26: 1900 | I26: 15 | J26: 0 | K26: 0 | L26: 77 | M26: 0 | N26: 16 | O26: 16 | P26: 16 | Q26: 16 | R26: 16 | S26: 6 | T26: 30000 | U26: 1 | V26: 1.2 | W26: 巨人
A27: 34030000 | B27: 碎石圣印记 | C27: 印记 | D27: 0 | E27: 18 | F27: 0 | G27: 0 | H27: 1900 | I27: 15 | J27: 0 | K27: 0 | L27: 81 | M27: 0 | N27: 16 | O27: 16 | P27: 16 | Q27: 16 | R27: 16 | S27: 6 | T27: 30000 | U27: 1 | V27: 1.15 | W27: 古龙
A28: 34040000 | B28: 爪痕圣印记 | C28: 印记 | D28: 0 | E28: 10 | F28: 0 | G28: 0 | H28: 1900 | I28: 40 | J28: 0 | K28: 0 | L28: 40 | M28: 0 | N28: 12 | O28: 12 | P28: 12 | Q28: 12 | R28: 12 | S28: 6 | T28: 30020 | U28: 1 | V28: 1.1 | W28: 野兽
A29: 34060000 | B29: 黄金律法圣印记 | C29: 印记 | D29: 17 | E29: 17 | F29: 0 | G29: 2200 | H29: 2400 | I29: 0 | J29: 0 | K29: 53 | L29: 53 | M29: 0 | N29: 12 | O29: 12 | P29: 12 | Q29: 12 | R29: 12 | S29: 6 | T29: 30010 | U29: 1 | V29: 1.1 | W29: 律法
A30: 34070000 | B30: 黄金树圣印记 | C30: 印记 | D30: 0 | E30: 40 | F30: 0 | G30: 2200 | H30: 2400 | I30: 0 | J30: 0 | K30: 0 | L30: 89 | M30: 0 | N30: 15 | O30: 15 | P30: 15 | Q30: 15 | R30: 15 | S30: 6 | T30: 30000 | U30: 1 | V30: 1 | W30: 无
A31: 34080000 | B31: 龙飨印记 | C31: 印记 | D31: 0 | E31: 10 | F31: 10 | G31: 2200 | H31: 2400 | I31: 0 | J31: 0 | K31: 0 | L31: 30 | M31: 75 | N31: 12 | O31: 12 | P31: 12 | Q31: 12 | R31: 12 | S31: 11 | T31: 30030 | U31: 1 | V31: 1.15 | W31: 龙飨
A32: 34090000 | B32: 癫火圣印记 | C32: 印记 | D32: 0 | E32: 0 | F32: 0 | G32: 2200 | H32: 2400 | I32: 20 | J32: 20 | K32: 20 | L32: 40 | M32: 0 | N32: 12 | O32: 12 | P32: 12 | Q32: 12 | R32: 12 | S32: 6 | T32: 30040 | U32: 1 | V32: 1.2 | W32: 癫火
A33: 34500000 | B33: 落叶圣印记 | C33: 印记 | D33: 0 | E33: 27 | F33: 0 | G33: 0 | H33: 1900 | I33: 15 | J33: 0 | K33: 0 | L33: 80 | M33: 0 | N33: 14 | O33: 14 | P33: 14 | Q33: 14 | R33: 14 | S33: 6 | T33: 30000 | U33: 1 | V33: 1.15 | W33: 光环
A34: 34510000 | B34: 火焰骑士圣印记 | C34: 印记 | D34: 0 | E34: 23 | F34: 0 | G34: 0 | H34: 1900 | I34: 15 | J34: 0 | K34: 0 | L34: 82 | M34: 0 | N34: 15 | O34: 15 | P34: 15 | Q34: 15 | R34: 15 | S34: 6 | T34: 30000 | U34: 1 | V34: 1.15 | W34: 梅瑟莫
A35: 34520000 | B35: 螺旋树圣印记 | C35: 印记 | D35: 0 | E35: 17 | F35: 0 | G35: 0 | H35: 1900 | I35: 15 | J35: 0 | K35: 0 | L35: 76 | M35: 0 | N35: 16 | O35: 16 | P35: 16 | Q35: 16 | R35: 16 | S35: 6 | T35: 30000 | U35: 1 | V35: 1.2 | W35: 螺旋

Sheet WeaponUP
A1: ID | B1: 力补正成长 | C1: 敏补正成长 | D1: 智补正成长 | E1: 信补正成长 | F1: 感补正成长
A2: 0 | B2: 1 | C2: 1 | D2: 1 | E2: 1 | F2: 1
A3: 1 | B3: 1.02 | C3: 1.02 | D3: 1.04 | E3: 1.04 | F3: 1.04
A4: 2 | B4: 1.04 | C4: 1.04 | D4: 1.08 | E4: 1.08 | F4: 1.08
A5: 3 | B5: 1.06 | C5: 1.06 | D5: 1.12 | E5: 1.12 | F5: 1.12
A6: 4 | B6: 1.08 | C6: 1.08 | D6: 1.16 | E6: 1.16 | F6: 1.16
A7: 5 | B7: 1.1 | C7: 1.1 | D7: 1.2 | E7: 1.2 | F7: 1.2
A8: 6 | B8: 1.12 | C8: 1.12 | D8: 1.24 | E8: 1.24 | F8: 1.24
A9: 7 | B9: 1.14 | C9: 1.14 | D9: 1.28 | E9: 1.28 | F9: 1.28
A10: 8 | B10: 1.16 | C10: 1.16 | D10: 1.32 | E10: 1.32 | F10: 1.32
A11: 9 | B11: 1.18 | C11: 1.18 | D11: 1.36 | E11: 1.36 | F11: 1.36
A12: 10 | B12: 1.2 | C12: 1.2 | D12: 1.4 | E12: 1.4 | F12: 1.4
A13: 11 | B13: 1.22 | C13: 1.22 | D13: 1.43 | E13: 1.43 | F13: 1.43
... A877: 9010 | B877: 1.4 | C877: 1.4 | D877: 1.4 | E877: 1.4 | F877: 1.4

Sheet List
A1: 冲击力 | B1: 描述 | C1: 攻防比 | D1: 参数1 | E1: 参数2 | F1: 参数3
A2: 0 | B2: 0（无硬直） | C2: 0 | D2: 0 | E2: 0 | F2: 0.1
A3: 1 | B3: 1（小硬直） | C3: 0.125 | D3: 0.39183673 | E3: 0.125 | F3: 0.1
A4: 2 | B4: 2（中硬直） | C4: 1 | D4: -0.13333333 | E4: 2.5 | F4: 0.7
A5: 3 | B5: 3（大硬直） | C5: 2.5 | D5: -0.0066115702 | E5: 8 | F5: 0.9
A6: 4 | B6: 4（大击退） | C6: 8 | D6: 0 | E6: 8 | F6: 0.9
A7: 5 | B7: 5（推开）
A8: 6 | B8: 6（击倒）
A9: 7 | B9: 7（击退）
A10: 8 | B10: 8（微小硬直）
A11: 9 | B11: 9（击飞）
A12: 10 | B12: 10（超大击退）
A13: 11 | B13: 11（踉跄击倒）

Sheet Buff
A1: buff | B1: 加成 | C1: 限定1 | D1: 加成2 | E1: 限定2 | F1: 类型 | G1: 说明 | I1: {=TRANSPOSE(_xlfn.UNIQUE(F2:F92))} -> 通用buff | J1: 减防debuff | K1: 装备buff | L1: 立誓类buff | M1: 身体类buff | N1: 副手类buff
A2: 自定义buff | B2: 0 | C2: 全 | F2: 通用buff | I2: {=_xlfn._xlws.FILTER($A$2:$A$92,$F$2:$F$92=I1)} -> 自定义buff | J2: {=_xlfn._xlws.FILTER($A$2:$A$92,$F$2:$F$92=J1)} -> 满月减防 | K2: {=_xlfn._xlws.FILTER($A$2:$A$92,$F$2:$F$92=K1)} -> 雪魔女尖帽 | L2: {=_xlfn._xlws.FILTER($A$2:$A$92,$F$2:$F$92=L1)} -> 军旗-归于麾下 | M2: {=_xlfn._xlws.FILTER($A$2:$A$92,$F$2:$F$92=M1)} -> 火焰啊！赐予我力量 | N2: {=_xlfn._xlws.FILTER($A$2:$A$92,$F$2:$F$92=N1)} -> 水母盾战技
A3: 偷袭 | B3: 0.2 | C3: 全 | F3: 通用buff | G3: 龟龟随时都有偷袭伤害加成 | I3: 偷袭 | J3: 桂奥尔的咆哮减防 | K3: 光耀金面具 | L3: 黄金树立誓（祷告） | M3: 狂热香药 | N3: 圣律
A4: 各种欢愉/托丽娜的微笑 | B4: 0.2 | C4: 全 | F4: 通用buff | G4: 附近有单位进入对应的异常状态时，玩家所有伤害提升20%（卸下护符仍然有效） | I4: 各种欢愉/托丽娜的微笑 | J4: 展翼大角战技 | K4: 亚兹勒头 | L4: 黄金树立誓（战技） | M4: 勇者肉块 | N4: 双鸟鸢形盾
A5: 蘑菇头/白面具/黑头罩 | B5: 0.1 | C5: 全 | F5: 通用buff | G5: 蘑菇头、白面具时间、触发条件同欢愉；黑头罩时间为60s | I5: 蘑菇头/白面具/黑头罩 | J5: 花之龙雷不蓄力 | K5: 卢瑟特头 | L5: 黄金树立誓（道具） | M5: 夏玻利利的嘶吼 | N5: 五指剑
A6: 毒皮手套/癫狂皮手套 | B6: 0.075 | C6: 全 | F6: 通用buff | G6: 时间、触发条件同欢愉 | I6: 毒皮手套/癫狂皮手套 | J6: 花之龙雷蓄力 | K6: 熔炉套4件 | L6: 振奋香 | M6: 光明剑战技 | N6: 陨石杖（副手）
A7: 圣战徽章 | B7: 0.15 | C7: 全 | F7: 通用buff | G7: 持续时间20s | I7: 圣战徽章 | J7: 黑暗剑战技 | K7: 阿尔佩利希3件 | N7: 丧失杖（副手）
A8: 介错刀/干枯花束 | B8: 0.2 | C8: 全 | F8: 通用buff | G8: 介错刀20s，干枯花束30s | I8: 介错刀/干枯花束 | K8: 神皮贵族衣服 | N8: 结晶杖（副手）
A9: 红羽七刃剑 | B9: 0.2 | C9: 全 | F9: 通用buff | G9: 生命值低于20%时生效 | I9: 红羽七刃剑 | K9: 拉鲁瓦毛皮 | N9: 格密尔杖（副手）
